date	count	summary
2013-08-09	1	No obstante, el presidente del Comit√© Dominicano de los Derechos Humanos en Puerto Rico, Jos√© Rodr√≠guez, asegura que la cifra es bastante imprecisa, ya que los dominicanos sin documentos legales para vivir en el pa√≠s ‚Äúno se dejan contar por el Censo‚Äù. Algunos pocos se esparcen entre los pueblos del oeste, como Lares, Maricao, San Sebasti√°n y Yauco. ‚ÄúCada dominicano que vive aqu√≠ o en cualquier otro lugar mantiene de 3 a 5 personas en su pa√≠s‚Äù, asegura. 
2016-01-31	1	El folleto, de 30 p√°ginas, titulado en ingl√©s ‚ÄúGermans be like‚Äù (as√≠ son los alemanes) tambi√©n explica lo que est√° permitido. ‚ÄúEsto no es un tema de incomprensi√≥n cultural, es una fechor√≠a‚Äù, dijo el zar Aydan Ozoguz en un correo electr√≥nico enviado a The Associated Press. ‚ÄúLos conflictos no deben ser resueltos con la violencia‚Äù, dice, porque se puede terminar en una c√°rcel, lo que tambi√©n ‚Äúpresenta desventajas para la solicitud de asilo‚Äù. 
2016-06-01	1	Tras el avistamiento en los pasados d√≠as de una migraci√≥n masiva de mariposas en la costa de Aguadilla, documentados en im√°genes y videos por usuarios en las redes, expertos en el tema explican la raz√≥n del inusual fen√≥meno que tiene a muchos asombrados. Por su parte el entom√≥logo Luis Hern√°ndez explic√≥ que cuando empieza a llover ‚Äúesas plantas, el √°rea sur se empieza a poner verde porque empiezan a salirle hojas nuevas que son las hojas tiernas que las orugas necesitan para alimentarse. Ante tal evento, la meteor√≥loga sostuvo que no hay de qu√© preocuparse, ya que esta exploci√≥n poblacional de mariposas fomentan la polinizaci√≥n, lo que a su vez ayuda a las zonas agr√≠colas como tambi√©n fortalece a la cadena alimenticia de otras especies como lagartijas y aves. 
2016-06-09	1	"Roma - Richard Gere present√≥ hoy en Roma su pel√≠cula ""Invisibles"" (""Time Out of Mind""), que llegar√° a los cines italianos el 15 de junio, en un evento con cerca de cien personas sin hogar, voluntarios y fot√≥grafos, con quienes convers√≥, se hizo fotos y firm√≥ aut√≥grafos. - ‚éô "
2016-10-26	1	El operativo dado a conocer hoy se desarroll√≥ ayer, martes, y todos los migrantes se rescataron de forma segura desde el acantilado situado en esta reserva natural deshabitada. Vigilantes del Departamento de Recursos Naturales y Ambientales en la Isla de Mona, dijeron a las autoridades federales haber visto luces intermitentes provenientes de la vecina Isla de Monito, tras lo cual se realiz√≥ un operativo que dio con los indocumentados. Los migrantes fueron trasladados a Mayag√ºez, donde fueron puestos a disposici√≥n de agentes de la Patrulla Fronteriza. 
2016-12-18	1	La polic√≠a del condado Monroe dijo que los cubanos llegaron en tres grupos distintos entre las 5:30 a.m. Seg√∫n la llamada ley ‚Äúpies secos, pies mojados‚Äù los cubanos que llegan a suelo estadounidense por lo general reciben la posibilidad de quedarse, y los que son capturados en alta mar son devueltos a su pa√≠s. Seg√∫n la Guardia Costera estadounidense, el n√∫mero de cubanos que intentan llegar a Estados Unidos ha aumentado debido a temores de que esa ley sea derogada pronto. 
2017-02-05	1	La presente ola migratoria apunta a ser m√°s grande que el Gran √âxodo de 1945-1960, per√≠odo de 15 a√±os durante el cual se estima que 500,000 puertorrique√±os emigraron en t√©rminos netos. En el periodo de 10 a√±os entre 2006 y 2015, se estima que en t√©rminos netos, 445 mil personas emigraron. Es la primera vez que esta cifra se acerca a las 90 mil personas marcando una cifra emigratoria r√©cord desde el inicio de esta Encuesta en el 2005‚Äù, comunic√≥ Alberto L. Vel√°zquez-Estrada, gerente de proyectos estad√≠sticos en el Instituto. 
2017-03-17	1	Pierluisi explica por qu√© dio veto de bolsillo a proyecto que despenaliza las protestas 
2017-08-10	1	Destacado Tv La embarcaci√≥n desembarc√≥ en la playa de los Alemanes a las 2 p.m. El punto de partida del bote era desconocido y no hubo comentarios inmediatos de la polic√≠a. Debido a las buenas condiciones clim√°ticas, Espa√±a ha visto un aumento en los intentos de los migrantes de llegar a sus costas en las √∫ltimas semanas. 
2017-08-29	1	El pastor y escritor Joel Osteen, quien es muy reconocido por sus servicios que son televisados cada domingo, ha recibido fuertes cr√≠ticas por cerrar el templo en momentos es que miles de personas buscan un lugar seguro ante las inundaciones provocadas por el paso de Harvey en Texas. ‚Äî Joel Osteen (@JoelOsteen) August 29, 2017 God gives us grace for every challenge. Stay strong and know that God has you in the palm of His hand! 
2017-09-06	3	¬øC√≥mo se puede evaluar la contribuci√≥n de los inmigrantes comunitarios trabajadores a la econom√≠a del Reino Unido? Los inmigrantes de la UE aportan un 1 por ciento al PIB nacional, y este se reducir√°. ‚Äì La sociedad brit√°nica est√° dividida: la ret√≥rica anti inmigraci√≥n ha convencido a algunos de que sus dificultades econ√≥micas son causadas por migrantes; ellos aplaudir√°n los cambios. 
2017-09-13	1	üí¨Ver comentarios - ‚éô El Nuevo D√≠a - s√°bado, 7 de agosto de 2021 Noticias Presentado por Mundo Los desastres naturales son el promotor de la migraci√≥n en Am√©rica Los efectos del cambio clim√°tico, las erupciones volc√°nicas, terremotos, huracanes y maremotos provocan que las personas crucen las fronteras - Facebook - Twitter - WhatsApp - ‚úâEmail - ‚éô jueves, 14 de septiembre de 2017 - 1:43 a.m. Te invitamos a descargar cualquiera de estos navegadores para ver nuestras noticias: 
2017-09-17	1	
2017-09-18	1	
2017-09-19	2	- ‚éô Con el evento pasado se da√±aron algunos, estamos corriendo con 145 catres para cinco refugios. Este agreg√≥ que al momento no tiene respuesta del Gobierno Central sobre si le traer√°n los catres durante el d√≠a de hoy. Todo lo est√° haciendo el municipio Vega R√≠os coment√≥ que la mayor√≠a de la gesti√≥n ante el paso del hurac√°n Mar√≠a la ha trabajado el municipio, al igual que otros pueblos cercanos. 
2017-09-20	2	‚ÄúS√≠, hasta ahora me siento segura, es mejor estar aqu√≠ que en mi casa en la barriada Figueroa, que se inunda demasiado y la casita no est√° apropiada‚Äù, manifest√≥ a EL VOCERO Evelyn S√°nchez D√°vila. En cuanto a la gotera del techo, manifest√≥ que ‚Äúno la sent√≠ porque dorm√≠ divinamente bien. No obstante, en medio de sollozos enfatiz√≥ ‚Äúaqu√≠ es m√°s seguro, fue que me puse mal, esa voz que me dijo cierra la puerta, esa fue la puerta de aqu√≠ (del coliseo). 
2017-09-22	1	Esta cifra, sin embargo, podr√≠a ser mucho mayor, ya que no ha habido comunicaci√≥n con todos los municipios, especialmente los del √°rea sur, oeste y centro del pa√≠s, que han sufrido severos da√±os. El secretario del Departamento de la Vivienda, Fernando Gil, precis√≥ que se ha hecho todo lo posible por establecer comunicaci√≥n, pero ha sido imposible. En Levittown, por ejemplo, viven alrededor de 30 mil personas, as√≠ que imag√≠nate, no sabemos. 
2017-09-26	1	De cena, hay arroz con jamonilla o salchichas‚Äù, se quej√≥ Fransuas Cepeda, residente del sector Playita en Santurce. La mujer sostuvo que aunque hay varios empleados haciendo una gran labor para ayudar a los refugiados, otros est√°n agotados y no ofrecen el mejor trato. Eso son peticiones bien dif√≠ciles‚Äù, asegur√≥ Jos√© Guillermo Hern√°ndez, asesor de la alcaldesa y director del albergue. 
2017-10-15	1	La primera dama de Estados Unidos, Melania Trump, envi√≥ un regalo muy especial para los refugiados en la Isla, afectados por el paso del hurac√°n Mar√≠a. Thank you First Lady Melania Trump for your willingness and support to create a reading area in our Stop & Go programs for our children. pic.twitter.com/AXuDWXmPor ‚Äî Beatriz Rossello (@BeatrizRossello) October 14, 2017 ‚ÄúGracias a la primera dama Melania Trump por su disposici√≥n y apoyo para crear un √°rea de lectura en nuestros programas Stop & Go para nuestros ni√±os‚Äù, escribi√≥ Rossell√≥ en la citada red social. 
2017-10-26	1	"üí¨Ver comentarios Ren√© P√©rez Joglar, tambi√©n conocido como Residente, present√≥ un corto documental que acompa√±a su proyecto ""Guerra"", que explora la crisis de los refugiados sirios y una foto callejera, en colaboraci√≥n con el aclamado artista y fot√≥grafo franc√©s JR. - ‚éô "
2018-02-22	1	"""No son parte del gobierno y su privacidad es importante para ellos"", adujo el abogado especializado en temas migratorios. ""Esa es una de las categor√≠as m√°s preferidas"", dijo Guttentag a BBC Mundo, aclarando que desconoce el caso. Wildes, el abogado de sus padres, tambi√©n declin√≥ confirmar si √©stos aguardan obtener la ciudadan√≠a estadounidense como informaron medios locales, una opci√≥n que contempla la green card. "
2018-03-03	1	No todos los refugiados pueden costear los alimentos preparados en los restaurantes cercanos, mientras que cocinar en las habitaciones est√° prohibido. Mientras, Iv√°n Ferreira, quien lleg√≥ al hotel hace cuatro meses, sencillamente no tiene a d√≥nde ir despu√©s de la fecha l√≠mite. El poderoso hurac√°n categor√≠a 4 arranc√≥ el techo de su casa en San Germ√°n, arruinando las paredes y destruyendo todas sus pertenencias. 
2018-04-01	1	"Ante esto, el canciller mexicano, Luis Videgaray, public√≥ una respuesta en Twitter en la que rechaz√≥ los se√±alamientos contra M√©xico. ""M√©xico ya no solo es pa√≠s de tr√°nsito"" Pueblos sin Fronteras organiz√≥ dos caravanas el a√±o pasado. El Salvador, Guatemala y Nicaragua son otros dos pa√≠ses entre los primeros lugares en n√∫mero de solicitudes, con respuestas positivas inferiores al 10%. "
2018-04-29	1	La caravana, que parti√≥ de Honduras, lleg√≥ esta tarde a Tijuana, M√©xico, donde columnas met√°licas marcan la frontera con Estados Unidos, inform√≥ la corresponsal de BBC Mundo Beatriz D√≠ez desde el terreno. La meta de muchos era llegar a M√©xico, pero otros intentar√°n pedir asilo en Estados Unidos. La caravana puso en alertaal presidente Trump, quien orden√≥ desplegar la Guardia Nacional en la frontera para apoyar las misiones de seguridad fronteriza. 
2018-05-01	1	- La caravana de migrantes de Centroam√©rica queda en un limbo legal en la frontera entre M√©xico y Estados Unidos Las personas que lleguen a Estados Unidos deben someterse a un proceso ante las autoridades de ese pa√≠s y presentar sus argumentos para no volver a su pa√≠s y obtener el asilo. Todos ellos dicen haber sufrido amenazas de pandillas, violaciones, asesinatos de familiares o persecuci√≥n pol√≠tica, por lo cual buscan refugio en Estados Unidos. La caravana no ha sido vista con buenos ojos por parte del presidente Donald Trump, quien orden√≥ desplegar a la Guardia Nacional en la frontera. 
2018-05-09	1	"Los hermosos paisajes donde Mar√≠a y Efra√≠n vivieron su romance cambiaron la vida del joven estudiante de idiomas Yuzo Takeshima. ""As√≠ convenci√≥ al gobierno y por eso realmente la novela es muy importante para el establecimiento de la colonia agr√≠cola en Colombia. La comunidad nipona en Colombia ha sido reconocida numerosas veces por autoridades locales por sus aportes a la agricultura y producci√≥n de alimentos. "
2018-06-08	1	Las autoridades dijeron que se est√°n quedando sin espacio en sus instalaciones durante la campa√±a lanzada por el presidente, Donald Trump, contra la inmigraci√≥n ilegal. Tradicionalmente, los inmigrantes sin historiales delictivos graves eran puestos en libertad mientras solicitaban asilo o estatus de refugiado. Esa cifra inclu√≠a 1,000 camas en Victorville, California; 209 en SeaTac; 230 en La Luna, Texas; 230 en Sheridan, Oregon; y 102 en Phoenix, se√±al√≥ la agencia. 
2018-06-20	3	Los datos surgen del Perfil del Migrante 2016 que fue dado a conocer en el d√≠a de hoy y presenta una mirada al movimiento migratorio de Puerto Rico en ese a√±o. - ‚éô As√≠ lo revel√≥ el Perfil del Migrante 2016 que fue dado a conocer en el d√≠a de hoy y presenta una mirada al movimiento migratorio de Puerto Rico en el a√±o calendario 2016 utilizando la Encuesta sobre la Comunidad del U.S. En el periodo de 12 a√±os entre 2005 y 2016, en t√©rminos netos: - 524 mil personas emigraron a los Estados Unidos (Encuesta sobre la Comunidad) - 662 mil pasajeros a√©reos salieron a todos los destinos (BTS) - 830 mil pasajeros a√©reos salieron a todos los destinos (Autoridad de Puertos) 3) Los diez estados con mayor balance neto migratorio en relaci√≥n con Puerto Rico fueron Florida, Texas, New York, Pennsylvania, Ohio, Connecticut, Georgia, New Jersey, Virginia y Kentucky. 
2018-06-21	1	"Primero, cuando se lo llevaron ""sin dar explicaciones"" dos d√≠as despu√©s de haber cruzado juntos la frontera hace un mes. Pero ah√≠ se lo llevaron y ya nunca supe de √©l"", recuerda. Como toda madre que conoce a sus hijos, lo sent√≠ mal"", rememora. "
2018-06-26	1	üí¨Ver comentarios Texas - Dada la falta de urgencia del gobierno de Estados Unidos, la reunificaci√≥n de miles de ni√±os inmigrantes con sus padres podr√≠a tardar meses, dijo el martes el director general de los albergues para ni√±os migrantes m√°s grandes del pa√≠s. - ‚éô 
2018-07-19	1	El Departamento de Justicia dijo en un documento oficial que ha identificado a 2.551 ni√±os que podr√≠an quedar cubiertos por la orden del juez federal de distrito Dana Sabraw. El gobierno y la ACLU deber√°n comparecer ante la corte el viernes por quinta ocasi√≥n en dos semanas, ya que el juez insiste en que todos los ni√±os hayan sido reunidos con sus padres para el 26 de julio. Grupos eclesi√°sticos proporcionan dinero, ropa, asesor√≠a legal y con frecuencia dinero para un boleto de autob√∫s o avi√≥n, usualmente para que se re√∫nan con sus parientes en otras partes del pa√≠s. 
2018-07-27	1	
2018-09-05	1	El gobierno federal envi√≥ al ej√©rcito a proveer asistencia humanitaria y frenar la violencia entre locales e inmigrantes. Per√∫ y Ecuador dijeron en agosto que solo los venezolanos con pasaporte podr√≠an entrar al pa√≠s, una medida que podr√≠a dejar fuera a muchos posibles migrantes en un pa√≠s donde este documento es dif√≠cil de obtener. ‚ÄúNo pasa de 600 mil venezolanos que han salido en los √∫ltimos dos a√±os... y se han ido a probar suerte en una migraci√≥n distinta a la que se conoce‚Äù. 
2018-09-11	1	"Cuando Donald Trump gan√≥ las elecciones presidenciales en noviembre de 2016, muchos previeron que las cosas en Estados Unidos iban a ponerse dif√≠ciles para los inmigrantes indocumentados. Todo el mundo tiene miedo y busca tener un estatus m√°s estable"", comenta Ruby Powers, una abogada especialista en inmigraci√≥n que trabaja en el estado de Texas. Los expertos consideran que ante el fracaso en conseguir una nuevas reglas migratorias, el gobierno recurre a medidas administrativas para limitar la entrada y permanencia legal de extranjeros en el pa√≠s. "
2018-09-30	1	BOSTON ‚Äî L√≠deres empresarios est√°n por lanzar una nueva coalici√≥n para aprovechar mejor la inmigraci√≥n para la econom√≠a de Massachusetts. El senador dem√≥crata Edward Markey y la Coalici√≥n para Abogar por Inmigrantes y Refugiados en Massachusetts (MIRA, por sus siglas en ingl√©s) prev√©n reunirse con representantes del sector empresario ma√±ana para lanzar la Coalici√≥n Empresarial de Massachusetts por la Inmigraci√≥n. Dijo que los inmigrantes son vitales para la econom√≠a en los sectores tecnol√≥gico, de la salud, la construcci√≥n, hoteler√≠a y otros. 
2018-10-17	1	Los hondure√±os, que representan el mayor porcentaje de personas en el flujo migratorio hacia Estados Unidos, deben solicitar una visa para ingresar a M√©xico. Organizaciones civiles dicen que para los hondure√±os es complicado conseguir un visado y la mayor√≠a de quienes viajan hacia el norte no tienen recursos para tramitar el documento. A finales de los a√±os 80, el pa√≠s aceler√≥ su relaci√≥n econ√≥mica con Estados Unidos y se profundiz√≥ con el TLCAN que inici√≥ en 1994. 
2018-10-21	1	El UNICEF exhort√≥ el domingo a los pa√≠ses de Latinoam√©rica para que brinden protecci√≥n y atenci√≥n inmediata y prioritaria a los ni√±os que viajan en una caravana de migrantes hacia Estados Unidos. El organismo, que tiene su sede regional en Panam√°, inform√≥ que actualmente en Am√©rica Latina y el Caribe unos siete millones de ni√±os y ni√±as son migrantes o buscan refugio. El UNICEF dijo que aboga por el derecho de los ni√±os migrantes y refugiados a permanecer junto a sus padres o cuidadores, y pide que no sean separados de su familia ni detenidos por razones migratorias. 
2018-10-25	1	"Fuentes, una figura de relativo alto perfil en el pa√≠s, fue se√±alado por la Canciller√≠a hondure√±a en un comunicado: ""Ha promovido movimientos migratorios irregulares, bajo enga√±o y falsas promesas para los connacionales"". Fuentes, quien planea utilizar el material period√≠stico recolectado en esta y otras ""caminatas"" para un proyecto personal sobre la emigraci√≥n hondure√±a, acompa√±√≥ la caravana hasta Guatemala, donde fue deportado a Honduras este 17 de octubre. Aunque Rivera comenta que la emigraci√≥n de hondure√±os hacia Estados Unidos ha sido un fen√≥meno constante, independientemente del partido en el poder. "
2018-10-31	1	Destacado Tv La marina mexicana ha comenzado a patrullar el r√≠o y la polic√≠a mexicana ha tomado posiciones en la orilla del r√≠o, insistiendo en que los migrantes se registren antes de ingresar y muestren documentos de viaje que muchos no tienen. Se vio un helic√≥ptero sobrevolando varios cientos de migrantes que hab√≠an cruzado el r√≠o, aparentemente utilizando la corriente descendente de sus rotores para desalentarlos. El domingo, los migrantes rompieron las barreras fronterizas en el lado guatemalteco del puente, solo para enfrentar a la polic√≠a mexicana, quien les impidi√≥ ingresar a M√©xico. 
2018-11-03	1	"Cuellos cont√≥ que en Honduras regentaba una cantina, pero se march√≥ porque ya no pod√≠a pagar el alquiler y estaba siendo acosada por la polic√≠a. ""Nosotros no somos asesinos"", apunt√≥ Stephany L√≥pez, una salvadore√±a de 21 a√±os que viaja en el primer grupo. La vehemente oposici√≥n y la dura ret√≥rica del gobierno de Trump hizo que al menos alg√∫n migrante sopese las alternativas. "
2018-11-04	1	"Los primeros cientos llegaron este domingo y ya se agrupan en las gradas del Estadio Jes√∫s Mart√≠nez ""Palillo"" de la capital mexicana. ""Aqu√≠ sabremos qu√© hacer de ahora en adelante"", dice a BBC Mundo Guadalupe Garc√≠a, una migrante hondure√±a. La √∫nica manera en que podremos hacerlo es si ustedes regularizan su estancia en el pa√≠s y cumplen con nuestras leyes"", dijo el presidente Enrique Pe√±a Nieto. "
2018-11-05	1	Los migrantes ansiosos de hallar fortaleza desplaz√°ndose en una caravana grande deben mantener ese ritmo si es que quieren permanecer en el grupo. No hay vuelta atr√°s para Lara Barahona, quien dice que las pandillas mataron a su esposa y a dos de sus hijos hace siete meses cuando no les pag√≥ el dinero que le exig√≠an para protegerlo. Inspirados por sus avances y por el respaldo que les han dado los pobladores mexicanos a lo largo del camino, en las √∫ltimas semanas se han formado varias caravanas m√°s peque√±as de migrantes en Centroam√©rica en un intento por incrementar sus posibilidades de llegar a Estados Unidos. 
2018-11-06	1	"En conferencia de prensa, el visitador general de la Comisi√≥n, Edgar Corzo indic√≥ que el organismo emiti√≥ medidas cautelares para que se busque a las personas y se les guarde su integridad ""Desaparecidos son dos autobuses, estamos haciendo las gestiones correspondientes, emitimos medidas cautelares para que se busque a las personas, se les guarde su integridad"", apunt√≥ Corzo. Peimbert Calvo se√±al√≥ a medios locales que se denunci√≥ el caso, pero autoridades estatales y federales no han hecho caso y dijo que √∫nicamente la Oficina del Alto Comisionado de las Naciones Unidas para los Derechos Humanos se ha interesado en el caso. En tanto, Corzo record√≥ que hab√≠an advertido a migrantes y autoridades que ese era ""un tramo bastante complicado en materia de seguridad"" y sobre ""riesgos del crimen organizado"". "
2018-11-07	1	Las comisiones de di√°logo y de seguridad de la caravana migrante, que estos d√≠as se reagrupa en Ciudad de M√©xico, pidieron a los integrantes del √©xodo 48 horas para informarse y dialogar y tomar una decisi√≥n de seguir o no con su traves√≠a hacia Estados Unidos. - ‚éô 
2018-11-09	1	WASHINGTON ‚Äî El presidente Donald Trump firm√≥ una orden el viernes que negar√° asilo a los migrantes que entren al pa√≠s de manera ilegal, recurriendo a una facultad presidencial extraordinaria para reforzar la frontera mientras caravanas de migrantes centroamericanos se acercan lentamente a su frontera. Trump us√≥ las mismas facultades que emple√≥ para aplicar una prohibici√≥n de entrada al pa√≠s a ciudadanos de pa√≠ses de mayor√≠a musulmana, que fue ratificada por la Corte Suprema. La proclama implementa normas anunciadas el d√≠a anterior que eluden las directrices establecidas de que toda persona tiene derecho a pedir asilo independientemente de c√≥mo entra al pa√≠s. 
2018-11-14	1	Los concursos de belleza levantan casi tanta expectaci√≥n como el b√©isbol en Venezuela, una naci√≥n obsesionada desde hace a√±os con el glamur y el buen aspecto f√≠sico. Pero a medida que la econom√≠a de Venezuela se hunde, los numerosos cert√°menes nacionales ya no ofrecen una v√≠a directa al empleo. En Chile, D√≠az gan√≥ la banda de miss pese a las manchas, que se tapan f√°cilmente con maquillaje. 
2018-11-18	2	üí¨Ver comentarios Tijuana, M√©xico - Cientos de vecinos de Tijuana se congregaron en torno a un monumento en un barrio pudiente de la ciudad para protestar la presencia de miles de migrantes centroamericanos que buscan llegar a Estados Unidos. - ‚éô Cientos de personas salieron el domingo a las calles de la ciudad mexicana de Tijuana, fronteriza con Estados Unidos, en dos manifestaciones antag√≥nicas: una a favor y otra en contra de los miles de centroamericanos que arriban en una caravana migrante desde Honduras. Te invitamos a descargar cualquiera de estos navegadores para ver nuestras noticias: 
2018-11-23	1	"En su pierna tiene otra marca del ataque de un desconocido perpetrado ""simplemente por homofobia"", dice. Ellos fueron de los primeros en llegar a Tijuana, la ciudad fronteriza entre M√©xico y Estados Unidos. Sus miembros han sido hist√≥ricamente v√≠ctimas de cr√≠menes de odio, hostigamiento, estigmatizazi√≥n, acoso y exclusi√≥n en los distintos espacios sociales, entre ellos la familia, las escuelas, los trabajos y las iglesias"", dice el art√≠culo acad√©mico sobre el acoso a las trans. "
2018-12-02	1	Peritos hab√≠an manifestado su preocupaci√≥n por las condiciones insalubres en el complejo deportivo que est√° parcialmente inundado, donde los migrantes atestaban un espacio con capacidad para apenas la mitad de su n√∫mero. Las autoridades de Tijuana hab√≠an dicho antes que nadie ser√≠a obligado a irse al nuevo albergue en el lugar conocido como El Barretal, provisto de un gran inmueble y una explanada que se utilizaba hace unos seis a√±os para conciertos y otros eventos. Pero tambi√©n advirtieron que dejar√≠an de ofrecer alimentos y servicios m√©dicos en la unidad deportiva. 
2018-12-12	1	üí¨Ver comentarios Ciudad de M√©xico ‚Äî El gobierno mexicano cerrar√° de forma efectiva la entrada sin autorizaci√≥n en su frontera sur con Guatemala, inform√≥ el mi√©rcoles la secretaria de Gobernaci√≥n, aunque no dio detalles sobre c√≥mo planifica hacerlo. - ‚éô 
2018-12-13	1	üí¨Ver comentarios El presidente de M√©xico Andr√©s Manuel L√≥pez Obrador dijo que habl√≥ por tel√©fono este mi√©rcoles con el mandatario estadounidense Donald Trump sobre la migraci√≥n y la creaci√≥n de empleos. - ‚éô 
2019-02-08	1	El cierre parcial del gobierno que concluy√≥ el mes pasado caus√≥ la demora de unas 60,000 audiencias en tribunales de inmigraci√≥n. Debido a los m√°s de 800.000 casos pendientes, las cortes de inmigraci√≥n supervisadas por el Departamento de Justicia tienen una notoria acumulaci√≥n de carga de trabajo, y al menos una jueza dijo que no ten√≠a fechas disponibles en su agenda sino hasta 2022. El cierre del gobierno durante 35 d√≠as debido a la exigencia del presidente Donald Trump de que le concedan recursos para el muro fronterizo paraliz√≥ las audiencias de inmigraci√≥n destinadas a inmigrantes no detenidos, entre ellos solicitantes de asilo que tienen la esperanza de permanecer en Estados Unidos. 
2019-02-12	1	"El cortometraje ""Desempacando Historias: G√©nero, migraci√≥n y violencia"" presenta la realidad de la inmigraci√≥n indocumentada de muchas mujeres dominicanas en nuestro pa√≠s. A√±adi√≥ que el prop√≥sito principal del trabajo es sensibilizar en torno a la violencia que experimentan las mujeres inmigrantes en nuestra tierra, resaltar su valent√≠a y el sentido de lucha a lo largo de su trayectoria de vida, incluyendo el proceso de migrar. Este documental es el primero en examinar las experiencias de mujeres inmigrantes dominicanas que sobreviven la violencia de pareja en Puerto Rico, la segunda v√≠a de inmigraci√≥n m√°s importante para esta poblaci√≥n‚Äù, puntualiz√≥ la catedr√°tica. "
2019-02-23	1	El United States Census Bureau estima que unas 130 mil personas se marcharon del pa√≠s en el √∫ltimo a√±o. No obstante, el secretario del Departamento de la Vivienda, Fernando Gil Ense√±at, argument√≥ que los fondos que se han recibido del Programa de Subvenci√≥n en Bloque para el Desarrollo Comunitario para la Recuperaci√≥n ante Desastres (CDBG-DR), tambi√©n representan una oportunidad para poder levantar a Puerto Rico. ‚ÄúHacerlo ser√≠a totalmente irresponsable de mi parte porque no estoy cumpliendo con las reglamentaciones federales y estar√≠a poniendo a las personas que requieren estos servicios en riesgo porque el contratista no va a poder pagar lo que se necesita antes de obtener el rembolso. 
2019-03-08	1	Mueren 25 migrantes al volcarse cami√≥n en M√©xico Los heridos fueron trasladados a hospitales. Las autoridades no proporcionaron las nacionalidades de las v√≠ctimas y dijeron que la investigaci√≥n contin√∫a. Chiapas es el punto de entrada hist√≥rico para los migrantes centroamericanos que llegan a M√©xico desde Guatemala. 
2019-03-11	1	Tambi√©n es dominicano, pero eso no fue obst√°culo para amenazarla, para ejercer control sobre ella y hasta insultarla haciendo referencia a que ‚Äúestas dominicanas que llegan aqu√≠ comen basura en su pa√≠s‚Äù, pero no quieren comer alimentos frescos en Puerto Rico, record√≥ ella narrando un incidente violento mientras preparaban la cena. Con los ojos llorosos, record√≥ cuando uno de sus patronos la insult√≥ dici√©ndole que abandon√≥ a sus hijos en Rep√∫blica Dominicana. La tristeza por la distancia no se ha ido, pero, al menos, ahora, Patricia camina con algo m√°s de confianza. 
2019-04-04	1	La ecuaci√≥n compuesta por la p√©rdida poblacional, la fuga del mejor talento profesional (capital humano), el envejecimiento de la poblaci√≥n, y aumento en la desigualdad econ√≥mica no es nada halagadora para Puerto Rico. M√°s adelante, en la d√©cada del 1990 al 2000, comenz√≥ un nuevo √©xodo, principalmente hacia el estado de la Florida. Hace falta una respuesta coherente de parte del gobierno hacia este problema mediante pol√≠ticas orientadas a la recuperaci√≥n econ√≥mica, mejores pol√≠ticas redistributivas del ingreso, proveer una mejor calidad de vida, entre otros, como ant√≠dotos efectivos contra la emigraci√≥n masiva que vive Puerto Rico. 
2019-04-15	1	Su esperanza es caminar miles de kil√≥metros hasta la frontera norte, sin importar los obst√°culos. Para la CNDH se cumplen los requisitos de riesgo, urgencia e irreparabilidad del da√±o, por lo que se solicita al Instituto proporcionar atenci√≥n y asistencia urgente a las personas alojadas en la Estaci√≥n Migratoria Siglo XXI, en Tapachula. Y en relaci√≥n con los 1,600 migrantes ubicados en el Puente Internacional Rodolfo Robles, la CNDH constat√≥ que fueron registrados r√°pidamente, se les proporciona ayuda humanitaria, y la autoridad migratoria les indic√≥ que se les otorgar√° la tarjeta de visitante regional con posibilidad de trabajo, o bien visa de trabajador fronterizo. 
2019-04-23	1	Hombres, mujeres y ni√±os estaban descansando en las afueras de la ciudad de Pijijiapan cuando las autoridades que patrullan la zona forzaron a los migrantes a subir a los veh√≠culos policiales en contra de su voluntad. En las im√°genes se observa a agentes empujando a mujeres y ni√±os al interior de furgonetas, mientras que otros migrantes, incluido uno en silla de ruedas, intentan huir. Te podr√≠a interesar: - Trauma: la epidemia olvidada - Otra demanda al Gobierno por transparencia - Sebasti√°n Yatra llora con esta presentaci√≥n en 'La voz kids‚Äô 
2019-05-19	1	‚ÄúNo hay planes de enviar migrantes a instalaciones en el norte o la costa, incluyendo Florida‚Äù, dijo el mandatario. McAleenan dijo el domingo que ya no se estaba pensando en Florida y otras ciudades del interior para enviarles migrantes. Al parecer DeSantis fue tomado por sorpresa y dijo que esos vuelos equivaldr√≠an a ‚Äúdeshacerse de‚Äù migrantes en Florida. 
2019-05-28	1	"Renuncia el jefe de migraci√≥n de Estados Unidos En una carta se limit√≥ a felicitar a sus empleados por haber establecido las bases para ""reformas legales muy necesarias que vendr√°n en un futuro pr√≥ximo"". Esa fuente rechaz√≥ confirmar si el sucesor de Cissna podr√≠a ser el ultraconservador Ken Cuccinelli, fiscal general del estado de Virginia entre 2010 y 2014 y que se ha enfrentado al aparato del Partido Republicano. El viernes, el diario The Washington Post se√±al√≥ que Trump sopesaba designar a Cuccinelli como director de USCIS. "
2019-06-03	1	Tras quejarse de unos dolores en el pecho, Medina Le√≥n fue trasladada a un hospital, donde se le realizaron las pruebas pertinentes. Ese mismo d√≠a el ICE tramit√≥ su puesta en libertad bajo fianza. Con esas detenciones ascienden ya a 460,294 los arrestos de migrantes en el linde fronterizo desde el inicio del presente a√±o fiscal 2019, que comenz√≥ en octubre pasado. 
2019-06-05	1	"Al menos siete ni√±os han fallecido mientras estaban bajo el cuidado de funcionarios en los √∫ltimos meses, cuando en la d√©cada anterior no se hab√≠a producido ninguna muerte, y los pediatras consideran que estos decesos se deben a la prolongada estancia en instalaciones federales que no est√°n preparadas para los menores. Cuando est√°n enfermos los ni√±os, explica Linton, estos suelen permanecer en silencio y no detallan sus s√≠ntomas, por lo que son necesarias personas capacitadas en el bienestar infantil en lugar de los agentes de la Patrulla Fronteriza que no saben interpretar estas se√±ales. ""Una persona capacitada puede reconocer los s√≠ntomas de una enfermedad por la respiraci√≥n o el latido del coraz√≥n; en caso contrario, una demora en el tratamiento puede provocar la muerte"", afirma. "
2019-06-06	1	El reporte se difundi√≥ mientras el presidente Donald Trump lidia con un problema que empeora cada vez m√°s en la frontera de Estados Unidos con M√©xico, dado el dr√°stico aumento en el arribo de migrantes centroamericanos. En su respuesta al reporte, adjuntaron fotograf√≠as de duchas y ba√±os limpios. Te podr√≠a interesar: - Ej√©rcito estadounidense pinta secci√≥n de muro fronterizo - Papa Francisco modifica el Padre Nuestro - Los Obama producir√°n podcasts en Spotify ‚ÄúLa seguridad, derechos y salud de los detenidos bajo el cuidado del ICE son primordiales‚Äù, escribi√≥ Stephen Roncone, director financiero de la agencia, a la Oficina del Inspector General. 
2019-06-09	1	Te podr√≠a interesar: - Inundaciones en China cobran vida de seis personas - Presidente de este pa√≠s cancela elecciones por tensiones - Reina Isabel II celebra su cumplea√±os oficial Pero para pagar parte de ello, el estado comenzar√° a cobrar un impuesto a quienes no tienen un seguro m√©dico. A√∫n falta que el pleno de la legislatura estatal apruebe el acuerdo presupuestario. Varios legisladores en el Congreso estatal de mayor√≠a dem√≥crata quer√≠an ampliar a√∫n m√°s la cobertura de salud a todos los adultos que viven sin autorizaci√≥n en California. 
2019-06-10	1	Esto contrata con las personas nacidas en Estados Unidos que viven en Puerto Rico, donde 11% no termin√≥ la escuela superior. ‚ÄúCon excepci√≥n del grupo con un cuarto a√±o de escuela, la poblaci√≥n nacida en Estados Unidos tiene un mejor perfil educativo en todas las clasificaciones post-secundarias. En cambio, la poblaci√≥n nacida en Estados Unidos que vive en Puerto Rico tuvo un 31.6% y 6.1% respectivamente en esas categor√≠as. 
2019-06-30	1	La Hachadura, El Salvador ‚Äî Los cuerpos de Oscar Alberto Mart√≠nez y su peque√±a hija Valeria, que murieron ahogados cuando trataron de cruzar el R√≠o Bravo en una tragedia que fue capturada en una fotograf√≠a que provoc√≥ indignaci√≥n a nivel mundial, regresaron el domingo a El Salvador. - ‚éô 
2019-07-11	1	Los gobiernos del presidente Barack Obama y Trump han perseguido a familias en operativos previos. Te podr√≠a interesar: - Rossell√≥ lanza insultos y malas palabras en chat de Telegram - Keleher no cooperar√° con las autoridades dice su abogada - Revelan foto de Cameron Boyce horas antes de morir Sin embargo, este se destaca por la pol√≠tica que lo rodea. Adem√°s, se filtraron los detalles y las autoridades se preocuparon por la seguridad de los agentes de ICE y criticaron a los supuestos delatores. 
2019-08-08	1	Baja la cifra de migrantes que cruzan la frontera en el sur de Estados Unidos El n√∫mero de familias y menores sin compa√±√≠a de un adulto que cruzaron la frontera se redujo en un 50% entre mayo y julio jueves, 8 de agosto de 2019 - 9:08 p.m. Por The Associated Press Facebook Twitter WhatsApp ‚úâEmail ‚éô Nota de archivo: este contenido fue publicado hace m√°s de 30 d√≠as. Washington ‚Äî El n√∫mero de migrantes que se toparon con autoridades federales en la frontera sur cay√≥ en julio por debajo de los 100,000 por primera vez en cinco meses, se√±al√≥ el jueves la Oficina de Aduanas y Protecci√≥n Fronteriza. 
2019-08-16	1	
2019-08-28	1	Varios refugiados en R√≠o Grande Brigadas del municipio se encuentran en las calles realizando preparativos de √∫ltimo minuto. El primer ejecutivo municipal confim√≥ que hab√≠a personas refugiadas, pero no pudo precisar una cantidad exacta. A preguntas, el alcalde reconoci√≥ que ninguno de los refugios cuenta con generador ni cisterna. 
2019-09-24	1	Sin reportarse ning√∫n refugiado en Fajardo A pesar de que este municipio tiene varias familias viviendo bajo toldos azules. La comunidad con la mayor cantidad de residencias con toldos azules en el barrio Para√≠so, con 16 casas. Fajardo tambi√©n cuenta con un refugio m√©dico en el Coliseo Tom√°s Dones, pero al mediod√≠a de hoy nadie se hab√≠a movido all√≠ para recibir servicios. 
2019-09-26	1	'Solo estoy aqu√≠ porque un est√∫pido intolerante y gordo no me quer√≠a cerca! ', dice Kyle en referencia a su amigo Cartman, a lo que otros dos ni√±os latinos aseguran que tambi√©n est√°n all√≠ por lo mismo, en una probable referencia al presidente Donald Trump. Esa medida, asegura Kyle, lo √∫nico que hace es 'traumatizarles y ense√±arles a temer al Gobierno de EE.UU.'. 
2019-10-04	1	"""La emigraci√≥n registrada en 2018 fue la m√°s alta desde 2006"", dijo el experto, tomando como referencia el a√±o que marca el inicio en Puerto Rico -como en muchos otros pa√≠ses- de una crisis econ√≥mica de la que todav√≠a no se ha recuperado la isla caribe√±a. Pensilvania fue el segundo, con 31,870 o un crecimiento del 7.2 %, con lo que se situ√≥ en 477, 312 personas provenientes de la isla caribe√±a. El experto fue, no obstante, optimista y asegur√≥ que esa tendencia podr√≠a cambiar en el futuro si la econom√≠a mejora, como, record√≥, ""ya pas√≥ en la d√©cada de los setenta del pasado siglo, cuando puertorrique√±os que viv√≠an en Estados Unidos volvieron a la isla con el empeoramiento de la situaci√≥n econ√≥mica en el pa√≠s norteamericano"". "
2019-12-11	1	Recientemente, la Iglesia Metodista Unida Claremont, en el sur de California, represent√≥ a la Sagrada Familia ‚Äì Mar√≠a, Jos√© y Jes√∫s en el pesebre ‚Äì como detenidos. Stirred to tears by the Claremont UMC nativity. Revel√≥ hechos sobre el hacinamiento y el aislamiento de los refugiados, entre otros problemas. 
2019-12-12	1	Algunos secretarios de actas de condado que se oponen a la ley han presentado impugnaciones legales y ofrecieron mensajes confusos esta semana sobre si emitir√°n licencias en apego al nuevo programa a partir del lunes. ‚ÄúLos funcionarios locales, incluidos los secretarios de condado que dirigen oficinas del DMV, no pueden elegir qu√© ley les gusta y cu√°l no‚Äù, puntualiz√≥ Lisa Koumjian, portavoz del departamento, en un comunicado. En junio, los legisladores estatales convirtieron a Nueva York en la 13ra entidad que autoriza licencias para conducir sin requerir el estatus de inmigraci√≥n legal. 
2019-12-13	1	"En el Centro de Detenci√≥n Stewart en Lumpkin, Georgia, un hombre que sangraba por la piel continuaba recibiendo aspirinas a pesar de que ten√≠a una sangre extremadamente delgada. Le tuvieron que extraer una parte del hueso frontal, report√≥ BuzzFeed. ""Trump y los funcionarios del ICE miran en silencio mientras se registra caos, crueldad e indiferencia inhumana"", dijo Pili Tobar, subdirectora del grupo activista America's Voice. "
2020-01-06	1	La primera ejecutiva agreg√≥ que los puentes de la regi√≥n sur hab√≠an sido revisados en pasadas semanas, pero que, ante los constantes temblores en los √∫ltimos d√≠as, el Departamento de Transportaci√≥n y Obras P√∫blicas volver√° a examinar estas estructuras. Seg√∫n Hern√°ndez, solo en la escuela elemental Jos√© Rodr√≠guez de Gu√°nica, se han documentado da√±os estructurales. Congresista dice evaluar√°n da√±os tras temblor del D√≠a de Reyes Marco Rubio asegur√≥ mantendr√° comunicaci√≥n con las autoridades locales y federales para atender las consecuencias causadas por el sismo 
2020-01-08	1	El Negociado de la Polic√≠a notific√≥ hasta hoy, martes, por la ma√±ana que sobre 600 personas est√°n refugiadas en varios pueblos al oeste. Po √∫ltimo, 141 personas y 13 mascotas permanecen refugiadas en la escuela Eugenio Mar√≠a de Hostos, en Mayag√ºez. Tambi√©n te podr√≠a interesar En perspectiva Dos terremotos de magnitud 6.4 y 5.8 se reportaron ayer durante la madrugada y la ma√±ana al sur de Puerto Rico, seg√∫n el United States Geological Survey (USGS). 
2020-01-09	1	Familia viaja desde Chicago para un entierro y ahora son refugiados por los terremotos El alcalde popular de Pe√±uelas, Gregory Gons√°lez Souchet, recab√≥ tambi√©n ayuda del gobierno central para atender la emergencia. A√±adi√≥ que estar√°n en el refugio hasta el s√°bado y, al d√≠a siguiente, esperan viajar a Chicago. Gons√°lez Souchet indic√≥ que la situaci√≥n lo oblig√≥ a instalar anoche un ‚Äúsuperrefugio‚Äù en la pista atl√©tica del pueblo donde se han alojado hasta el momento m√°s de 200 personas. 
2020-01-11	3	‚Äú¬øPero esta ma√±ana la gente se puso nerviosa al ver que piedras ca√≠an del monte aleda√±o?‚Äù, le pregunt√≥ Primera Hora. Es un sitio seguro y lo dialogamos con la Guardia Nacional‚Äù, sostuvo el alcalde pe√±olano, quien estim√≥ que unos 300 refugiados se mantienen alojados en la pista atl√©tica del pueblo. Personal del Municipio de Guayanilla y la Guardia Nacional reconfiguraban hoy el refugio habilitado en el parque Luis A. 
2020-01-12	1	A pesar de los reclamos para que las personas refugiadas en municipios del sur sean reubicadas a municipios alejados de los lugares donde se ha registrado la mayor parte de actividad s√≠smica, la gobernadora Wanda V√°zquez rechaz√≥ que esa posibilidad est√© bajo consideraci√≥n. Seg√∫n la mandataria, a partir de conversaciones con los alcaldes de los municipios m√°s afectados por los terremotos en las pasadas dos semanas, el sentir es que las personas que se encuentran refugiadas tanto en espacios habilitados por el gobierno como en campamentos informales, no est√°n dispuestas a trasladarse lejos de sus hogares. Vamos a trabajar con los alcaldes para asegurarnos que tengan los suministros‚Äù que necesitan, afirm√≥ V√°zquez en conferencia de prensa tras sostener una reuni√≥n con los ejecutivos municipales de Gu√°nica, Guayanilla, Yauco, Pe√±uelas, Ponce y Utuado. 
2020-01-13	2	Asimismo, Carmen Yul√≠n Cruz Soto expuso que tendr√°n tres carpas en el lugar para los afectados por los sismos, encamados, entre otros. De igual forma, la alcaldesa dijo que recibir√°n a las familias completas con sus mascotas. 1/2 ‚Äî Ramon Luis Rivera (@ramonluisrivera) January 13, 2020 En entrevista con Primera Hora, Rivera aclar√≥ que la oferta de ayuda tambi√©n est√° disponible para el alcalde de Pe√±uelas, Gregory Gonz√°lez Souchet, pero ayer no lo consigui√≥ telef√≥nicamente para comunicarlo. 
2020-01-14	1	Mientras que los 30 refugios no administrados por el DV, (que incluye municipales, otras organizaciones y algunos espont√°neos) al momento albergan unos 4,521 refugiados, para un total de 8,460 entre ambas cifras. A continuaci√≥n le ofrecemos otros datos ofrecidos por el Gobierno de Puerto Rico tras los terremotos registrados: Autoridad de Acueductos y Alcantarillados: ‚Äì 98.76% (1,214,374 clientes) con servicio ‚Äì 1.24% (15,252 clientes) sin servicio ‚Äì Se mantiene la distribuci√≥n de agua potable en las comunidades afectadas. Adem√°s, la agencia continuar√° instalando oasis y equipos necesarios para suplir el servicio en las zonas afectadas Autoridad de Energ√≠a El√©ctrica: ‚Äì % de clientes con servicio: 99% ‚Äì 9,310 clientes sin servicio por aver√≠as en las √°reas de Arecibo y San Juan. 
2020-01-16	2	üí¨Ver comentarios La gobernadora Wanda V√°zquez Garced asegur√≥ que, de ser necesario, usar√° todos los poderes que le confieren las leyes para trasladar a los refugiados del √°rea sur a otro lugar m√°s seguro. - ‚éô A partir de ma√±ana viernes, toda persona que se encuentre refugiada en el √°rea sur, afectada por la actividad s√≠smica, tendr√° acceso al servicio de lavander√≠a en las inmediaciones del Costa Bah√≠a Hotel and Convention Center de Guayanilla, anunci√≥ la gerencia. - ‚éô 
2020-01-17	1	Seg√∫n la informaci√≥n brindada por la polic√≠a, la doctora Qui√±ones, indic√≥ que la menor de 9 a√±os sufri√≥ una herida abierta en el labio superior. Fue referida al Centro M√©dico de Rio Piedras en condici√≥n estable. Actualmente, 676 personas albergan en el parque, con un total de 1,160 espacios disponibles. 
2020-01-25	1	üí¨Ver comentarios La Guardia Nacional de Puerto Rico (GNPR) notific√≥ hoy, s√°bado, que desde esta madrugada se encuentra habilitando el Complejo Ferial de Ponce para que sirve de sede para los cientos de refugiados que se encuentran en el campamento base de ese municipio. - ‚éô 
2020-01-27	1	La alcaldesa de Ponce, Mar√≠a ‚ÄúMayita‚Äù Mel√©ndez, sostuvo hoy que unas expresiones suyas en las que afirm√≥ que a los refugiados a causa de los sismos que se reportan desde el 28 de diciembre en el √°rea sur ‚Äúles encanta vivir en las carpas‚Äù fueron malinterpretadas. - ‚éô 
2020-01-28	1	En la explicaci√≥n que concedi√≥ este martes, V√°zquez Garced hizo una pausa con un ‚Äúok‚Äù. De hecho, yo creo que en una de las oportunidades estaba Barbara (Figueroa), de Primera Hora, que quiz√°s ella tiene la grabaci√≥n escuchando a las personas, porque yo les preguntaba a las personas c√≥mo se sienten, c√≥mo las han atendido y la gente dec√≠an ‚Äòestamos contentos, nos sentimos bien‚Äô. Ahora, es particularmente importante que ellos acudan al DRCS (Centros de Recuperaci√≥n de Desastres) porque all√≠ va a tener, no tienen que moverse a ning√∫n lugar, simplemente all√≠ le llenan todo para poder recibir su ayuda, as√≠ que la meta es que puedan, dentro de la circunstancia recuperar un lugar seguro donde pernoctar y donde ellos estar con su familia. 
2020-01-30	1	H√©ctor Mart√≠nez busca abogados voluntarios para trabajar con refugiados √âl mismo solicitar√° una dispensa a la Comisi√≥n de √âtica para brindar servicios legales en la zona. ‚ÄúSiempre he sido un apasionado proponente del acceso a la justicia para todos, sin distinci√≥n alguna. Este Banco de Abogados Voluntarios va dirigido a suplir esas necesidades‚Äù, se√±al√≥ el Senador por Acumulaci√≥n. 
2020-02-06	1	La evidencia de ingresos, dijo, es una condici√≥n que no puede alterarse pues est√° establecida por ley. Seg√∫n explic√≥ en entrevista con EL VOCERO, la AVP ha orientado a unas 1,110 personas afectadas por los sismos y ha recibido 786 solicitudes. Sin cambio fecha l√≠mite La expectativa del gobierno es que para el 24 de marzo todos los afectados por los terremotos est√©n ubicados en un lugar seguro. 
2020-02-15	1	‚ÄúHoy a estas familias le estamos dando un rato de alegr√≠a, para pasarlo bien, comer comida rica‚Ä¶ ellos van a poder pasar un rato ameno‚Äù, dijo Labiosa quien dijo que la realidad es que se desconoce hasta cu√°ndo estas familias estar√°n fuera de sus casas. Aunque a su vivienda no le pas√≥ nada ‚Äúel susto‚Äù con los temblores es tanto que tienen ‚Äúmiedo‚Äù, y desde el 9 de enero est√°n all√≠. ‚ÄúLa mayor parte de las personas que est√°n aqu√≠ trabajan pero le han cogido miedo a sus casas‚Ä¶ Esto no ha sido f√°cil, algo nuevo para nosotros‚Äù, confes√≥ Santana. 
2020-03-05	1	Reg√≠strate para recibir a tu email nuestro peri√≥dico en su versi√≥n digital. Al suscribirte aceptas nuestros T√©rminos y Pol√≠tica de privacidad. Te invitamos a descargar cualquiera de estos navegadores para ver nuestras noticias: 
2020-03-06	1	‚ÄúEsta emergencia es diferente a las que hemos trabajado anteriormente porque, aunque la incidencia ha disminuido, todav√≠a no sabemos cu√°ndo dejar√° de temblar. Por otra parte, tambi√©n se inform√≥ que en Ponce hay un total de 33 edificios privados afectados, siete p√∫blicos y cuatro √©gidas. Mel√©ndez Altieri mencion√≥, adem√°s, que todav√≠a contin√∫an en conversaciones con los comerciantes del casco urbano y de la Guancha para intercambiar propuestas y juntos establecer las estrategias con el fin de reactivar la econom√≠a. 
2020-03-18	1	SAL√ìNICA, Grecia ‚Äî La frontera entre Grecia y Turqu√≠a registr√≥ nuevos enfrentamientos en la madrugada del mi√©rcoles luego de que 500 migrantes intentaron saltar una cerca fronteriza para entrar a suelo europeo. Las autoridades turcas respondieron disparando gases lacrim√≥genos hacia la frontera griega, a√±adieron. La violencia en la frontera comenz√≥ horas despu√©s de una videoconferencia a cuatro ofrecida por Erdogan con los mandatarios de Francia, Alemania y Gran Breta√±a para tratar la crisis migratoria. 
2020-04-15	1	"Ante esa negativa, el Gobierno cubano retir√≥ la protecci√≥n a la representaci√≥n diplom√°tica y, ante la perplejidad general, en los d√≠as siguientes comenz√≥ sobre el lugar una avalancha de personas que acab√≥ superando las 10,000. El tira y afloja pareci√≥ culminar en 1984, cuando La Habana acept√≥ la devoluci√≥n de unos 2,700 ""marielitos"", pero al final solo fueron deportados 201 en cinco meses. Castro dio por zanjado el trato porque Radio Mart√≠, considerada por el Gobierno cubano un medio de comunicaci√≥n subversivo, inici√≥ sus transmisiones desde Florida hacia la isla. "
2020-04-16	1	‚ÄúEs temporal, estamos en esos detalles‚Äù, dijo, y aclar√≥ que no hay fecha para reanudarlos. La agencia tambi√©n dijo que 100 detenidos han dado positivo por el virus, incluidos 17 en un centro de detenci√≥n en San Diego y 12 en otro en Batavia, Nueva York. ‚ÄúNos llevaron a unas instalaciones que parec√≠an del gobierno gringo, nos tuvieron all√≠ como 10 minutos, √©ramos 5. 
2020-04-25	1	None 
2020-05-02	1	La ejecutiva municipal sostivo que hay edificios y residencias afectadas. Las personas que no se sientan seguras para estar en sus residencias tendr√≠an que pasar a un refugio, pero dijo solo la escuela vocacional estar√≠a lista para recibir refugiados, tomando las medidas de prevenci√≥n de contagio al coronavirus. La alcaldesa ofreci√≥ los n√∫meros telef√≥nicos a llamar luego que las personas verifiquen los da√±os en sus hogares. 
2020-05-03	1	De igual manera, el Departamento de Vivienda est√° evaluando junto a los ingenieros estructurales los residenciales Golden View y Cooper View, para determinar si alguna otra familia tiene que ser reubicada o si pueden permanecer en el hogar. Una vez se entregue la evaluaci√≥n final, Vivienda trabajar√° los casos de forma individual para brindarle una soluci√≥n. Como mismo continuamos sirvi√©ndole a los ponce√±os y ponce√±as que se han visto afectados por los efectos del aislamiento social y que no han podido salir a trabajar‚Äù. 
2020-05-21	1	üí¨Ver comentarios Por Caitlin Dickerson - ‚éô El Nuevo D√≠a - s√°bado, 7 de agosto de 2021 Noticias Presentado por Estados Unidos Cientos de ni√±os y adolescentes migrantes han sido deportados r√°pidamente por las autoridades estadounidenses El gobierno de Donald Trump est√° tratando de justificar las nuevas pr√°cticas con una ley de 1944 que le concede al presidente amplias facultades para impedir que los extranjeros entren al pa√≠s - Facebook - Twitter - WhatsApp - ‚úâEmail - ‚éô jueves, 21 de mayo de 2020 - 8:56 p.m. Te invitamos a descargar cualquiera de estos navegadores para ver nuestras noticias: 
2020-05-25	1	Esta merma ser√≠a mayor que la registrada a consecuencia del hurac√°n Mar√≠a. Asimismo, Inteligencia Econ√≥mica detall√≥ que los empleos relacionados a las industrias de comercio al detal, restaurantes, hoteles, salud y autos son los que mantienen un mayor nivel de riesgo. Estas industrias generan un aproximado de 343 mil empleos directos que podr√≠an estar en peligro. 
2020-06-02	1	Todav√≠a quedan refugiados en Gu√°nica Comienzan entre junio y julio la demolici√≥n de estructuras afectadas. En entrevista en Radio Isla 1320 AM, Seda Nazario dijo que esos refugiados contin√∫an alojados en hoteles, residencias alquiladas, conviviendo en casas de familiares e incluso, algunos se encuentran en Estados Unidos. Adem√°s de las 106 residencias, hay dos escuelas, un centro gubernamental y otros edificios del gobierno que tambi√©n deben ser demolidas. 
2020-06-30	1	USCIS opera financiada por las tarifas que pagan los inmigrantes en sus tr√°mites de visas temporarias, visas de residencia legal permanente y obtenci√≥n de la ciudadan√≠a estadounidense, y estos tr√°mites se han visto reducidos sustancialmente en meses recientes debido a la pandemia del coronavirus. USCIS calcula una reducci√≥n del 61 % en sus recaudaciones hasta el fin del per√≠odo fiscal 2020 que concluye el 30 de septiembre, y aunque la agencia ha limitado los aumentos de sueldos y ha adoptado otras medidas para restringir sus gastos, sus directores han indicado que se necesitan medidas dr√°sticas para mantenerla funcionando. Las tarifas aduaneras que cobra CBP alcanzan para pagar al menos 8,000 empleos en el terreno, de acurdo con el Gremio Nacional de empleados del Tesoro. 
2020-07-02	1	En Pezuela, la carretera m√°s utilizada por los residentes para ir a la zona urbana de Lares se derrumb√≥ d√≠as despu√©s del hurac√°n. En las ocasiones en las que han estado incomunicados por los derrumbes, se les complica adquirir alimentos, medicamentos y servicios m√©dicos, narr√≥. El mal manejo gubernamental y las circunstancias sociales en Puerto Rico igual contribuyeron a la migraci√≥n, dijo Fernando I. Rivera, soci√≥logo especializado en movimientos migratorios y fundador del Puerto Rico Research Hub de la Universidad Central de Florida. 
2020-07-10	1	
2020-07-19	1	Arnold no lo pod√≠a creer, y junto con una guardia que recientemente hab√≠a dado a luz, quiso confirmarlo con el director, Christopher LaRose. Pronto hubo brotes en otros centros de detenci√≥n, y un reporte interno del Departamento de Seguridad Nacional sobre 188 centros de detenci√≥n realizado en abril coincide con los datos descubiertos por The Associated Press en Otay Mesa: el 19% de los directores de las instalaciones reportaron que no ten√≠an mascarillas est√°ndar, el 32% no ten√≠a cubrebocas tipo N95, y el 37% dijo que no hab√≠a suficiente gel desinfectante para los detenidos. Los migrantes esperan all√≠ hasta poder declarar ante un juez de inmigraci√≥n sobre las razones por las cuales se les debe permitir permanecer en Estados Unidos. 
2020-07-24	1	Nos comunicamos nuevamente con la Gobernadora y logramos que el Departamento de la Familia cubra su hospedaje durante esta cuarta semana‚Äù, expres√≥ en declaraciones escritas. Tenemos una familia que hace ‚Äúcheck out‚Äù ma√±ana, otra que se le canalizar√° la mudanza, otras tres tienen viviendas aprobadas y otras dos familias no cualifican para ayudas del gobierno por sus ingresos pero, se les est√° brindando asistencia y seguiremos al pendiente hasta resolver la situaci√≥n de cada uno de ellos‚Äù. ‚ÄúNuestro inter√©s es que todos tengan un lugar seguro donde vivir mientras, continuamos brindado los servicios‚Äù, abund√≥. 
2020-07-25	1	Los due√±os del hotel Hampton Inn & Suites en McAllen, Texas, dijeron el viernes por la noche que terminaron con las reservaciones de habitaciones usadas para detener a menores. Datos del gobierno obtenidos por la AP muestran que hubo ni√±os detenidos 123 veces en el hotel de McAllen en abril y junio. Castle Hospitality, que opera ese local, se neg√≥ a decir cu√°ntas habitaciones hab√≠an sido reservadas para el uso del ICE o su contratista privado, MVM Inc. 
2020-09-15	1	üí¨Ver comentarios Houston ‚Äî Una inmigrante que acus√≥ a los guardias de un centro de detenci√≥n en Texas de abusar sexualmente de ella fue deportada unas semanas despu√©s de haber sido interrogada por investigadores, inform√≥ su abogada. - ‚éô 
2020-09-29	1	El teniente Andrew Russo, oficial al mando del guardacostas Heriberto Hern√°ndez, destac√≥ el riesgo que corrieron los inmigrantes dominicanos, ya que como dijo viajaban en una embarcaci√≥n no apta para navegar. La Guardia Costera desvi√≥ al guardacostas Heriberto Hern√°ndez al lugar, donde fue localizada una embarcaci√≥n de 20 pies (6 metros) de eslora que transportaba a 16 hombres adultos y dos mujeres, as√≠ como a dos menores no acompa√±ados, quienes afirmaron ser ciudadanos de la Rep√∫blica Dominicana. La Guardia Costera proporcion√≥ atenci√≥n m√©dica b√°sica a los ciudadanos dominicanos. 
2020-10-13	1	
2020-10-23	1	En ese momento, no termin√≥ de quedar claro si todos los peque√±os separados pudieron ser reunificados con sus familias. ‚ÄúEl hecho es que no es tan simple como usted lo hace parecer o como Joe Biden lo hizo sonar en el debate anoche para localizar a los padres que est√°n en otros pa√≠ses‚Äù, puntualiz√≥ Murtaugh, para quien se trata de ‚Äúuna situaci√≥n lamentable‚Äù. El portavoz del DHS, Chase Jennings, public√≥ el mi√©rcoles un comunicado en su cuenta de Twitter en el defend√≠a que esa agencia ‚Äúha tomado todos los pasos para facilitar la reunificaci√≥n de esas familias cuando los padres quer√≠an que tal reunificaci√≥n ocurriera‚Äù. 
2020-11-10	1	Ni siquiera se le incluye entre las principales prioridades que su equipo de transici√≥n ha difundido en su p√°gina web, como el COVID-19, la recuperaci√≥n econ√≥mica, la justicia racial y el cambio clim√°tico. La representante Veronica Escobar, quien fue nombrada por Biden al grupo de trabajo sobre inmigraci√≥n junto con Bernie Sanders, dijo que una soluci√≥n necesitar√° una coordinaci√≥n con M√©xico. Otros cambios quedar√≠an sujetos a los procedimientos formales para la elaboraci√≥n de normas, los cuales requieren tiempo. 
2020-11-11	1	Una mujer detenida cont√≥ que, horas despu√©s de hablar con investigadores federales, el ICE le dijo que hab√≠a levantado la suspensi√≥n de su deportaci√≥n y se enfrentaba a una salida ‚Äúinminente‚Äù. Otra fue llevada a un aeropuerto rural de Georgia a primera hora del lunes, donde se le pidi√≥ que firmase los papeles de su deportaci√≥n, pero fue devuelta al centro cuando sus abogados presentaron una demanda en un tribunal federal. Defensores de los migrantes han instado a los investigadores federales a examinar no solo al m√©dico sino tambi√©n al centro y cualquier papel que haya podido tener el ICE en enviarle pacientes. 
2020-11-18	1	ATENAS‚Äî Grecia abolir√° la pr√°ctica de detener bajo custodia policial a migrantes ni√±os y adolescentes que llegan al pa√≠s sin adultos, dijo el mi√©rcoles el ministro de Migraci√≥n. La pol√≠tica, bajo la cual los menores reci√©n llegados sin compa√±√≠a quedaban detenidos en estaciones policiales en el pa√≠s en ocasiones durante meses y a menudo junto con adultos con quienes no estaban relacionados, ha sido ampliamente condenada por grupos de derechos humanos. Ha llevado adem√°s a fallos contra Grecia en el Tribunal Europeo de Derechos Humanos. 
2020-11-26	1	Tucson, Arizona - Por lo menos un ni√±o migrante y una mujer que forman parte de un grupo de 28 menores y sus familias que han pasado m√°s de un a√±o y medio en detenci√≥n dieron positivo a la prueba de COVID-19 en el Centro de Detenci√≥n Familiar de Dilley, en el sur de Texas, lo que ha prendido la alarma entre grupos que los representan. - ‚éô 
2020-12-03	1	
2020-12-08	1	üí¨Ver comentarios Por Caitlin Dickerson y Ryan Christopher Jones - ‚éô El Nuevo D√≠a - s√°bado, 7 de agosto de 2021 Noticias Presentado por lockPara suscriptores Familias migrantes luchan para reparar los lazos que los un√≠an tras ser separados por autoridades federales Para muchas familias arrastradas por el intento m√°s debatido del gobierno de Donald Trump para disuadir la inmigraci√≥n, la historia no termin√≥ cuando la pol√≠tica de separaci√≥n lleg√≥ a su fin - Facebook - Twitter - WhatsApp - ‚úâEmail - ‚éô mi√©rcoles, 9 de diciembre de 2020 - 3:40 a.m. Te invitamos a descargar cualquiera de estos navegadores para ver nuestras noticias: 
2020-12-14	1	En las √∫ltimas tres semanas ha intentado cruzar la frontera por lo menos en dos ocasiones y las dos veces ha sido deportado de regreso a M√©xico. ‚ÄúLas cosas est√°n muy dif√≠ciles en M√©xico, si antes apenas pod√≠amos sobrevivir, ahora simplemente no se puede‚Äù, dijo, para luego agregar que por eso mismo intentar√° cruzar la frontera ‚Äúcuantas veces sea necesario‚Äù. La Administraci√≥n del presidente saliente, Donald Trump, cerr√≥ los puertos de entrada para los inmigrantes que solicitan asilo y deben esperar por tiempo indefinido en M√©xico. 
2020-12-20	1	Despu√©s del verano m√°s caluroso y seco en la historia del estado, las autoridades han recuperado una cantidad de cuerpos que casi supera el r√©cord anual en 10 a√±os de personas que cruzaron desde M√©xico a los desiertos, valles y monta√±as de Arizona. De la Cruz y L√≥pez Valencia est√°n entre los 214 migrantes confirmados o presuntos cuyas muertes en la frontera de Arizona fueron registradas entre enero y noviembre por el organismo Humane Borders y la oficina forense del condado Pima, que en conjunto mapean la recuperaci√≥n de restos humanos. Durante los primeros meses del 2020, la Patrulla Fronteriza enlist√≥ 43 muertes en los sectores de Yuma y Tucson, que representan la zona fronteriza de Arizona. 
2020-12-23	1	Adem√°s, brindar√°n servicios educativos como cursos cortos, cursos en tecnolog√≠a, charlas y conferencias, tutor√≠as y eventos. A estos servicios suman la orientaci√≥n para la contrataci√≥n de cuidadores en el hogar. Esto es algo que est√° impl√≠cito en sus cl√°usulas de incorporaci√≥n y muy importante para la educaci√≥n continua sobre el sector cooperativo en Puerto Rico‚Äù, indic√≥. 
2020-12-28	1	Saltar al contenido Tendencias 
2021-01-03	1	Un buque de ayuda humanitaria con bandera espa√±ola buscaba el domingo un puerto seguro para 265 migrantes que rescat√≥ del mar Mediterr√°neo en los √∫ltimos d√≠as. El organismo Open Arms tuite√≥ que su buque subi√≥ el s√°bado de forma segura a 96 migrantes que estaban a la deriva en aguas internacionales en un bote de madera y sin chalecos salvavidas. Las autoridades de ambas naciones han pedido que otros pa√≠ses europeos hagan lo mismo. 
2021-01-20	1	Otros intentos similares m√°s recientes fracasaron: en 2007 bajo el presidente republicano George W. Bush y en 2013 bajo la administraci√≥n dem√≥crata de Barack Obama. Sus tres hijos nacieron en Estados Unidos y enviaba dinero regularmente a su familia hasta que sus padres fallecieron. ‚ÄúComo miles de madres y padres, quiero que mis hijas tengan algo mejor en este pa√≠s‚Äù, dijo Aguirre. 
2021-02-01	1	"El anuncio es un nuevo ejemplo del enfoque m√°s transigente en torno a la inmigraci√≥n ilegal que ha adoptado el gobierno del presidente Joe Biden, quien ha actuado con rapidez para revertir las principales pol√≠ticas de inmigraci√≥n de su predecesor. En el comunicado, el DHS dijo que alienta a todos, ""independientemente de su estatus migratorio"", a que reciban la vacuna cuando sean elegibles, y destac√≥ que la agencia y sus socios federales ""apoyan por completo el acceso igualitario a las vacunas contra el Covid-19 y los centros de distribuci√≥n de la vacuna para inmigrantes indocumentados"". Con el paso de los a√±os, eso ha provocado que algunas personas se refugien en iglesias para evitar ser deportados. "
2021-02-02	1	Psaki reforz√≥ ese mensaje desde el estrado de la Casa Blanca el martes, al se√±alar que ‚Äúsigue siendo un viaje peligroso‚Äù, y ‚Äúeste no es el momento para venir a Estados Unidos‚Äù. ‚ÄúLos pasos positivos que est√° dando este gobierno deben ser el principio y no el final‚Äù, dijo Ali Noorani, presidente del National Immigration Forum. ‚ÄúEl Congreso debe seguir estos pasos y encontrar soluciones permanentes para mejorar nuestro sistema de inmigraci√≥n‚Äù. 
2021-02-03	2	Estas bandas del crimen organizado suelen cobrar a los traficantes de migrantes por cruzar sus territorios y secuestran o matan al grupo que no haya pagado o a quienes optaron por cruzar con organizaciones rivales. En el lugar se localiz√≥ otro veh√≠culo tambi√©n quemado pero sin cad√°veres y con placas del vecino estado de Nuevo Le√≥n. Por el momento s√≥lo cuatro de los cuerpos han sido identificados pero contin√∫an las pruebas gen√©ticas. 
2021-02-04	1	Varias personas refugiadas en iglesias se presentaron hace poco en un acto del representante dem√≥crata Joaqu√≠n Castro y pidieron a Biden que anule las √≥rdenes de deportaci√≥n y facilite las leyes para individuos, que son un √∫ltimo recurso para regularizar su status inmigratorio. Se instal√≥ en la iglesia durante la pandemia para acompa√±ar a su madre y tratar de reencaminar su vida. Mar√≠a Macario espera que su familia puede reunirse de nuevo, incluidos su esposo e hijo deportados. 
2021-02-11	1	El gobierno del presidente Joe Biden quiere elevar la cantidad de refugiados que recibe el pa√≠s a 62.500 para el a√±o fiscal en curso, cuadruplicando el l√≠mite hist√≥ricamente bajo de 15.000 que impuso su predecesor Donald Trump, revelaron el jueves un funcionario federal y otras fuentes. Trump fij√≥ el l√≠mite en octubre, cuando inici√≥ el a√±o fiscal 2021, y se extiende hasta el 30 de septiembre. ‚ÄúEstamos trabajando con el Congreso para organizar estas consultas y esperamos involucrar a los miembros correspondientes‚Äù, dijo la agencia en un comunicado. 
2021-02-16	1	"El nuevo estudio insin√∫a que no todos los dinosaurios pudieron migrar al mismo tiempo. Los herb√≠voros ""llegaron tarde al hemisferio norte"", dijo el autor principal del reporte Dennis Kent, de la Universidad Columbia. Kent descubri√≥ lo que posiblemente sucedi√≥ al investigar sobre la atm√≥sfera y el clima en esa √©poca. "
2021-02-20	1	"No he tenido agua durante varios d√≠as y para m√≠ lo m√°s dif√≠cil ha sido encontrar comida porque todo a mi alrededor estaba completamente cerrado"", relat√≥ a Efe Nathan Jaworski, que vive en Round Rock, una ciudad al norte de Austin, la capital de Texas. ""Intent√© conducir hasta una de las pocas tiendas que estaban abiertas para conseguir m√°s suministros, pero era demasiado peligroso"", dijo suspirando a Efe. A las 5 de la ma√±ana tambi√©n se cort√≥ la electricidad y nos quedamos tipo: ¬øY ahora qu√© hacemos? "
2021-02-24	1	Bajo los lineamientos actuales de esa agencia gubernamental, los patrocinadores pueden ser obligados a pagar por dicho transporte antes de que el gobierno libere a los menores, aun si los patrocinadores han sido aprobados por las autoridades. Casi todas las 7,100 camas para migrantes menores de edad que tiene el departamento ya est√°n ocupadas. El Departamento reabri√≥ un centro de emergencia en Carrizo Springs, Texas, que tiene capacidad para 700 adolescentes y pronto podr√≠a verse obligado a abrir otra instalaci√≥n en Homestead, Florida. 
2021-02-25	1	En una proclama el mi√©rcoles por la tarde, Biden estipul√≥ que cerrarle la puerta a los inmigrantes legales ‚Äúno promueve los intereses de Estados Unidos‚Äù. El entonces presidente republicano hab√≠a se√±alado que los inmigrantes representaban ‚Äúun riesgo para el mercado laboral estadounidense‚Äù e impidi√≥ su entrada a Estados Unidos emitiendo la Proclama 10014 y la 10052. Estados Unidos ofrece hasta 55.000 visas al a√±o para inmigrantes cuyas nacionalidades est√°n poco representadas en la poblaci√≥n del pa√≠s. 
2021-03-04	1	Seg√∫n la ley de inmigraci√≥n, ‚Äúciertos extranjeros no permanentes que buscan cancelar una orden de deportaci√≥n deben demostrar que no han sido condenados por un delito descalificante‚Äù, escribi√≥ Gorsuch. Los inmigrantes con condenas penales que enfrentan la deportaci√≥n pueden solicitar al fiscal general que les permita permanecer en el pa√≠s, si la condena no fue por un delito grave y han vivido en Estados Unidos al menos 10 a√±os, entre otros criterios. Seg√∫n el fallo de hoy, Pereida no tiene ese derecho. 
2021-03-08	2	La tripulaci√≥n del buque Joseph Tezanos embarc√≥ de manera segura a los 34 migrantes, 32 hombres y dos mujeres. Una vez en la escena, el buque Joseph Tezanos detuvo a la embarcaci√≥n de 25 pies, tipo yola, que iba sobrecargada con 24 migrantes, 20 hombres y cuatro mujeres, que fueron subidos a bordo del buque Guardacosta. Resaltaron que una vez a bordo del Joseph Tezanos, tambi√©n recibieron comida, agua, refugio y atenci√≥n m√©dica b√°sica. 
2021-03-13	1	"Magdalena Dalila Miranda D√≠az, hermana de Elfego, dijo que se sent√≠a triste ""porque estamos mirando su f√©retro, ya no vamos a mirar su cara, hemos estado pensando c√≥mo fue, c√≥mo suced√≠a que estas gentes los mataron"". En el lugar tambi√©n fueron hallados muertos dos mexicanos y una tercera persona que a√∫n no ha sido identificada. Hay cinco sobrevivientes que estar√≠an siendo protegidos en Estados Unidos, seg√∫n el gobierno guatemalteco. "
2021-03-15	1	El Departamento de Salud y Servicios Humanos (HHS por sus siglas en ingl√©s) est√° buscando abrir instalaciones en distintas partes del pa√≠s para alojar a los ni√±os migrantes detenidos por la Patrulla Fronteriza, que se supone no puede mantenerlos bajo su custodia por m√°s de tres d√≠as. Los asesores de Biden a√∫n no han dicho cu√°ndo el gobierno podr√≠a retirar esa pol√≠tica. Deddie Romero env√≠a emocional mensaje de despedida a Albert Rodr√≠guez Ambos compart√≠an una larga amistad y trabajaron juntos en m√∫ltiples proyectos 
2021-03-19	1	‚ÄúPara mi, es un placer comenzar mi primera vista, como presidenta de la Comisi√≥n de Derechos Humanos y Asuntos Laborales del Senado, con un proyecto como √©ste; ya que es uno de los temas que m√°s afecta los derechos humanos en Puerto Rico, en lo relacionado a v√≠ctimas y testigos de delito, es confrontar posibles discriminaciones‚Äù, manifest√≥ la senadora por acumulaci√≥n del Movimiento Victoria Ciudadana, Ana Irma Rivera Lass√©n. Te recomendamos: - CDC reduce a tres pies distancia que deben mantener estudiantes en sal√≥n de clases - Hacienda paga $53 millones a personas que le deb√≠an los $600 y los $1,200 - Cuestionan demanda de legisladoras que busca detener curr√≠culo con perspectiva de g√©nero Durante su ponencia, el presidente del Comit√© Dominicano de Derechos Humanos en Puerto Rico, Jos√© Rodr√≠guez P√©rez destac√≥ la importancia de que se apruebe la medida ya que ‚Äúhemos tenido casos de obreros de la construcci√≥n [y empleadas dom√©sticas] que luego del patr√≥n ponerlos a trabajar, se niegan a pagarles sus honorarios y cuando acuden a radicar alguna querella, no se les toma dicha querella por los motivos antes mencionados, el carecer de un estatus migratorio definido‚Äù. Por su parte, el Departamento de Seguridad P√∫blica (DSP) reconoci√≥ en la ponencia presentada que ‚Äúel NPPR cuenta con la Orden General 600, ‚ÄúIntervenci√≥n con Personas Extranjeras‚Äù. 
2021-03-20	2	"Descarga nuestra aplicaci√≥n m√≥vil, disponible en el App Store y Google Play. El Gobierno mexicano instal√≥ este viernes un ""cerco sanitario"" en la frontera sur para frenar la pandemia de coronavirus en plena ola migratoria. Te invitamos a descargar cualquiera de estos navegadores para ver nuestras noticias: "
2021-03-21	1	‚ÄúNo nos han dejado entrar porque piensan que somos migrantes cuando en realidad s√≥lo venimos por la mercader√≠a‚Äù, se quejaba la guatemalteca Amalia V√°zquez estancada en la orilla mexicana del r√≠o con su beb√© a la espalda y siete familiares. Su familia viaja cada mes desde Quetzaltenango, a 100 kil√≥metros, para comprar pl√°sticos y dulces que luego revenden all√°, explic√≥. ‚ÄúNo es mucho lo que sacamos revendiendo‚Äù, dec√≠a Mar√≠a V√°zquez mientras regateaba el precio de unas galletas y su familia esperaba en el r√≠o. 
2021-03-24	1	El Gobierno del presidente estadounidense, Joe Biden, decidi√≥ este mi√©rcoles permitir a un peque√±o equipo de televisi√≥n acceder por primera vez a un centro en Texas donde permanecen detenidos algunos de los menores migrantes que cruzaron la frontera en los √∫ltimos d√≠as. ‚ÄúLa Administraci√≥n de Biden est√° comprometida con la transparencia‚Äù, asever√≥ en la misma nota. Biden ha recibido numerosas criticas porque algunos de los menores que han cruzado la frontera en las √∫ltimas semanas han tenido que quedarse en unos centros distintos, gestionados por la Oficina de Aduanas y Protecci√≥n Fronteriza (CBP, en ingl√©s) y que est√°n dise√±ados para adultos, no ni√±os. 
2021-03-28	1	‚ÄúNo es una crisis, es una completa p√©rdida de soberan√≠a aqu√≠‚Äù, dijo el senador Lindsey Graham. Graham visit√≥ recientemente la frontera y dijo que vio una instalaci√≥n dise√±ada para albergar a 80 ni√±os con unos 1,000 adentro. Las detenciones han promediado unas 5,000 personas al d√≠a durante marzo, que podr√≠a ser un aumento de un 50% respecto a febrero si contin√∫a esa tendencia por el resto del mes. 
2021-03-30	2	El gobierno del presidente Joe Biden les permiti√≥ el martes por primera vez a periodistas visitar su principal centro de detenciones para ni√±os migrantes, un recorrido que revel√≥ una instalaci√≥n severamente atestada, donde los m√°s peque√±os son mantenidos en un corral de juegos con colchones en el suelo para dormir. Los ni√±os recib√≠an brazaletes con un c√≥digo de barras que muestra cu√°ndo se ducharon y sus condiciones m√©dicas. Demuestra una confianza bien puesta en Harris, quien hizo historia cuando se convirti√≥ en la primera mujer afroamericana y asi√°ticoamericana elegida a la vicepresidencia. 
2021-03-31	2	El incidente ocurri√≥ en momentos en que el gobierno del presidente Joe Biden atraviesa problemas para encontrar espacio para albergar a los varios cientos de ni√±os y adolescentes que ingresan diariamente en el pa√≠s de manera ilegal. ‚ÄúEn estos momentos estamos trabajando con nuestros aliados en M√©xico para intentar identificar a estos despiadados traficantes de personas y hacerlos rendir cuentas con todo el peso de la ley‚Äù, dijo Ch√°vez en un comunicado. Santa Teresa, Nuevo M√©xico ‚Äî Dos ni√±as ecuatorianas fueron abandonadas por traficantes que las dejaron caer desde la parte superior de una valla que separa a M√©xico de Estados Unidos, de acuerdo con un video difundido el mi√©rcoles por las autoridades federales estadounidenses. 
2021-04-03	1	El Departamento de Salud y Servicios Humanos afirm√≥ el s√°bado que el campamento est√° ‚Äúbajo activa consideraci√≥n‚Äù, pero no ha tomado una decisi√≥n definitiva. Tras ser procesados por la Patrulla Fronteriza, los ni√±os son remitidos al Departamento de Salud y Servicios Humanos. Usualmente son entregados a un custodio, ya sea un padre o un familiar cercano. 
2021-04-08	1	"El gobierno ha buscado con premura espacio y personal para cuidar de los ni√±os hasta entregarlos a sus patrocinadores. ""No quise dejarlo solo"", dijo Ak la semana pasada desde la ciudad fronteriza mexicana de Reynosa. La agencia tambi√©n ha pagado los vuelos de ni√±os y patrocinadores para limitar el tiempo que pasan bajo custodia del gobierno. "
2021-04-11	1	"Adem√°s, la normativa ""facilita las expulsiones administrativas de los migrantes que ingresan a Chile en forma ilegal, por pasos clandestinos, sin cumplir nuestras leyes ni tampoco validar sus antecedentes penales"", continu√≥ el mandatario, lamentando que al menos cinco personas hayan perdido la vida en lo que va de a√±o en cruces ilegales por la frontera en el norte. ""No queremos que ingresen a nuestro pa√≠s el crimen organizado, el narcotr√°fico, el contrabando, el tr√°fico y trata de personas o aquellos que no respetan nuestras leyes"", agreg√≥. ""Va a generar un da√±o profundo no s√≥lo para quienes hoy d√≠a est√°n sujetas a una migraci√≥n forzada en la regi√≥n, sino para toda la poblaci√≥n migrante que ya reside en el pa√≠s"", se√±al√≥ su presidenta Vanessa Gonz√°lez. "
2021-04-12	1	
2021-04-13	1	
2021-04-15	1	"""Por esta crisis, hacerles un exhorto respetuoso de que lo hagan r√°pido, pronto. Porque est√° pidiendo el presidente Biden 4,000 millones de d√≥lares, y lo tienen que aprobar en el Congreso. Descarga nuestra aplicaci√≥n m√≥vil, disponible en el App Store y Google Play. "
2021-04-16	1	Casa Blanca: Biden elevar√° la cuota de refugiados en mayo Sin embargo, la administraci√≥n no ve factible alcanzar la cifra de 62,500 que present√≥ al Congreso. El presidente Joe Biden planea incrementar en el transcurso del siguiente mes el tope a la admisi√≥n de refugiados, dijo la Casa Blanca el viernes, luego de recibir cr√≠ticas de aliados y grupos asistenciales por haber tomado medidas √∫nicamente para expandir los criterios de elegibilidad para reasentamiento. En su decisi√≥n de emergencia, Biden se√±al√≥ que la admisi√≥n de un m√°ximo de 15,000 refugiados este a√±o ‚Äúsigue estando justificada por razones humanitarias y por lo dem√°s va en aras del inter√©s nacional‚Äù. 
2021-04-17	2	Posteriormente fueron trasladaron a los intervenidos al Hospital Buen Samaritano de Aguadilla, para ser atendidos por personal m√©dico. Espinosa dijo que el viernes en la noche se registr√≥ un incidente en el centro y un empleado de FIEL vio a polic√≠as y ambulancias en el exterior del lugar, pero no pudo determinar qu√© hab√≠a sucedido. ‚ÄúNo hab√≠a realmente espacio para el distanciamiento social‚Ä¶ S√≥lo les permit√≠an levantarse de su catre para que fueran al ba√±o y las duchas‚Äù, agreg√≥. 
2021-04-19	1	‚ÄúEste tipo de debilidad y obsesi√≥n con lo pol√≠ticamente correcto es la raz√≥n por la que tenemos una crisis en la frontera en primer lugar‚Äù. A los empleados tambi√©n se les instruy√≥ describir la ‚Äúasimilaci√≥n‚Äù de refugiados e inmigrantes como ‚Äúintegraci√≥n c√≠vica‚Äù. Te recomendamos: - Pierluisi truena contra presidente senatorial ante pol√©mica por interinato en Educaci√≥n - Manuel Torres Nieves defiende su designaci√≥n como Contralor - 12 empleados del Walmart de Caguas dan positivos al COVID-19 
2021-04-22	3	‚ÄúEstos 18 inmigrantes est√°n entre los cientos de otros que arriesgan sus vidas anualmente para ingresar ilegalmente a Puerto Rico en embarcaciones improvisadas y sobrecargadas‚Äù, dijo el Teniente Anthony Orr, Oficial al Mando del buque Guardacostas Joseph Tezanos en comunicaci√≥n escrita. ‚ÄúEstos 18 inmigrantes est√°n entre los cientos de otros que arriesgan sus vidas anualmente para ingresar ilegalmente a Puerto Rico en embarcaciones improvisadas y sobrecargadas‚Äù, dijo el Teniente Anthony Orr, Oficial al Mando del buque Guardacostas Joseph Tezanos en comunicaci√≥n escrita. Una vez a bordo de un buque Guardacostas, los inmigrantes recibieron alimentos, agua y atenci√≥n m√©dica b√°sica. 
2021-04-25	2	La existencia de la embarcaci√≥n peligrosamente sobrepoblada fue informada en una llamada al grupo Alarm Phone el mi√©rcoles. El jueves, cuando un buque de rescate humanitario y un barco comercial en la zona que navegaban en aguas muy agitadas llegaron al lugar, la barcaza que se desinflaba estaba parcialmente hundida, varios cad√°veres estaban en el agua y no se hallaron sobrevivientes. El barco, que ten√≠a al menos 100 personas a bordo, incluidos ni√±os, fue visto ayer, dijo. 
2021-04-26	1	El rescate se produjo luego de que fueran localizados con la tecnolog√≠a ‚ÄúCarbyne ‚Äù del C5i Sonora. Descarga nuestra aplicaci√≥n m√≥vil, disponible en el App Store y Google Play. Los migrantes se encontraban en un √°rea des√©rtica, por lo que de inmediato los agentes de la Patrulla Fronteriza los llevaron a una zona segura, donde se les proporcionaron alimentos, agua y atenci√≥n m√©dica. 
2021-04-29	1	‚ÄúNuestra gente, para continuar desarroll√°ndose, necesita poder planear a largo plazo y echar ra√≠ces con la tranquilidad de que no tendr√°n que recoger su vida y meterla en una maleta si hay un cambio de administraci√≥n que decida no renovar el TPS‚Äù, dijo la presidenta y fundadora de Venezuelan American Alliance, Mar√≠a Antonieta D√≠az, en unas declaraciones recogidas en un comunicado. De acuerdo a los firmantes de la misiva, entre quienes figuran las organizaciones Florida Immigration Coalition (FLIC) y Center for Democracy and Development in the Americas (CDDA), se√±alan que para que la norma presentada por el senador dem√≥crata Chris Van Hollen salga adelante requiere el respaldo de 10 senadores republicanos y un co-patrocinador de este partido. La misiva surgi√≥ tras una cumbre virtual celebrada el pasado 17 de abril entre representantes de Venezuela, Hait√≠ y pa√≠ses de Centroam√©rica, y en la que participaron tambi√©n el mismo Van Hollen (D-MD), as√≠ como los congresistas por Florida Darren Soto (dem√≥crata), Carlos Gim√©nez y Mar√≠a Elvira Salazar, estos √∫ltimos republicanos. 
2021-05-03	3	Se espera que esas mujeres ingresen en EE.UU. trav√©s de Texas y California. Los grupos proinmigrantes calculan que todav√≠a no se ha localizado a los parientes de al menos 445 menores. Seg√∫n fuentes citadas por el diario The New York Times, se espera que otros 30 migrantes entren en el pa√≠s con permisos por razones humanitarias, entre los pr√≥ximos 30 o 60 d√≠as. 
2021-05-11	1	Una patrulla fronteriza estadounidense localiz√≥ en las √∫ltimas horas a cinco menores indocumentadas en el sur de Texas, en la frontera con M√©xico, entre las que se encontraban una beb√© y una ni√±a de dos a√±os. Seg√∫n informan este martes medios locales, las cinco ni√±as fueron detenidas tras ser localizadas y ninguna necesit√≥ atenci√≥n m√©dica, ya que se encontraban en buen estado. Hasta el viernes, dijo Mayorkas, 700 ni√±os estaban bajo la custodia de la Patrulla Fronteriza en toda la frontera entre Estados Unidos y M√©xico, en comparaci√≥n con un r√©cord de casi 6.000 en marzo. 
2021-05-12	1	Los n√∫meros no se pueden comparar de manera directa ya que la gran mayor√≠a de los detenidos en abril fueron expulsados r√°pidamente del pa√≠s en conformidad con las facultades federales relacionadas con la pandemia que niegan el derecho a solicitar asilo. La expulsi√≥n no conlleva consecuencias legales, por lo que muchas personas realizan m√∫ltiples intentos de llegar al pa√≠s. Las familias con ni√±os a menudo tambi√©n son dejadas en libertad en el pa√≠s mientras sus casos siguen su marcha en las saturadas cortes de inmigraci√≥n. 
2021-05-17	1	Activo el mar El portavoz de la Guardia Costera en la Isla, Ricardo Castrodad, coment√≥ que, a base de los c√°lculos, se espera que se logre repetir en este a√±o fiscal una suma similar a la reportada entre el 2019 al 2020. El viaje en yola es peligroso al abordar una embarcaci√≥n r√∫stica en madera, que durante el trayecto hace agua‚Äù, expuso Qui√±ones. Primera Hora solicit√≥ entrevista con el c√≥nsul de la Rep√∫blica Dominicana en la Isla, Opinio Antonio D√≠az Vargas. 
2021-05-18	2	Ambos pa√≠ses firmaron un acuerdo hace tres d√©cadas para repatriar a todos los que crucen la frontera nadando. Un hombre joven se ahog√≥ y decenas de personas fueron atendidas por hipotermia o lesiones menores, inform√≥ la Cruz Roja en Ceuta. Cuatro veh√≠culos blindados militares estaban estacionados el martes en la playa ceut√≠ de Tarajal, donde la valla fronteriza llega a un peque√±o rompeolas que se adentra en el mar. 
2021-05-19	1	Ghali lidera el Frente Polisario, que lucha por la independencia del Sahara Occidental, una antigua colonia espa√±ola anexada por Marruecos en la d√©cada de 1970. En abril, lo hospitalizaron en la ciudad espa√±ola de Logro√±o y el gobierno marroqu√≠, furioso, advirti√≥ que el hecho tendr√≠a ‚Äúconsecuencias‚Äù. Los hechos en Ceuta han provocado la crisis m√°s grave en las relaciones entre Madrid y Rabat desde 2002, cuando estall√≥ una disputa territorial sobre una isla desierta frente a la costa marroqu√≠. 
2021-05-21	2	"Espa√±a devuelve 6,600 migrantes a Marruecos tras disputa Las relaciones entre las dos naciones mediterr√°neas est√°n en uno de sus peores momentos. Durante una reuni√≥n en Atenas con el jefe de la agencia europea de fronteras Frontex, el primer ministro Kyriakos Mitsotakis llam√≥ a su vecino Turqu√≠a a hacer m√°s para prevenir que personas crucen ilegalmente la frontera griega desde sus costas. ""Es inconcebible que migrantes y refugiados puedan ser usados como peones geopol√≠ticos para presionar a la Uni√≥n Europea. "
2021-05-28	1	Las tripulaciones rescataron a ocho personas y retiraron dos cad√°veres del agua, dijo el suboficial Jos√© Hern√°ndez. Dos goletas guardacostas y varias embarcaciones menores siguieron buscando a los desaparecidos el jueves por la noche. ‚ÄúSeguiremos buscando a los desaparecidos durante la noche y si alg√∫n marinero ve o escucha algo, denles ayuda si es posible y llamen a la Guardia Costera‚Äù, dijo el supervisor del centro de mando de Cayo Hueso, Seth Haynes. 
2021-06-03	1	El lunes, la Associated Press report√≥ que la polic√≠a fronteriza en Grecia est√° disparando andanadas de un ruido ensordecedor desde un veh√≠culo blindado en la frontera con Turqu√≠a. Te recomendamos: - Crean Frente Amplio Todo Puerto Rico contra LUMA Energy - Refieren a Justicia al presidente de LUMA Energy - Ojo avizor a las condiciones secas El portavoz de la Comisi√≥n Europea Adalbert Jahnz dijo que la rama ejecutiva de la UE ‚Äúnota con gran preocupaci√≥n los reportes de prensa sobre este sistema de ca√±√≥n ac√∫stico‚Äù y solicitar√° informaci√≥n a Grecia sobre su uso. Ese regreso forzado est√° prohibido por las leyes de la UE y los tratados internacionales sobre refugiados. 
2021-06-05	1	En un comunicado del s√°bado, la Guardia Costera inform√≥ que los inspectores detectaron 23 ‚Äúirregularidades‚Äù, entre ellas algunas lo suficientemente serias para ordenar la detenci√≥n del Sea-Eye 4 en el puerto de Palermo hasta que los problemas mencionados sean corregidos. ‚ÄúEn esencia, el argumento siempre es el mismo‚Äù, afirm√≥ en un comunicado el presidente de Sea-Eye, Gorden Isler. ‚ÄúAtestigu√≥ casos de angustia en el mar y realiz√≥ un rescate seguro. 
2021-06-07	1	"El TPS se otorga a personas que provienen de pa√≠ses devastados por guerras o desastres naturales. Entonces, la concesi√≥n del TPS no hace que una persona con ingreso ilegal... sea elegible"" para un permiso de residencia, escribi√≥. Debido a que esas personas fueron admitidas legalmente en el pa√≠s y luego recibieron protecci√≥n humanitaria, pueden solicitar la residencia permanente. "
2021-06-08	5	Durante su primera reuni√≥n en persona, la funcionaria busc√≥ fomentar una mayor cooperaci√≥n con M√©xico sobre los migrantes que se dirigen a Estados Unidos. - ‚éô AUSTIN, Texas‚Äî Hab√≠an pasado seis a√±os desde que Glenda Valdez se despidi√≥ de su peque√±a hija con un beso y parti√≥ hacia Estados Unidos. Hab√≠an pasado seis a√±os desde que Glenda Valdez se despidi√≥ de su peque√±a hija Emely con un beso y parti√≥ hacia Estados Unidos. 
2021-06-11	1	(AP Foto/Susan Walsh, Archivo), conocida por el acr√≥nimo VOICE, por orden ejecutiva en su primera semana en la Casa Blanca en enero de 2017. Aunque Trump us√≥ VOICE para vincular la inmigraci√≥n con la delincuencia, parece que la agencia tuvo muy poco impacto. El lunes, la vicepresidenta Kamala Harris recibi√≥ fuertes cr√≠ticas de algunos de los aliados proinmigrantes del gobierno por decirles a posibles migrantes durante una visita a Guatemala: ‚ÄúNo vengan, no vengan‚Äù y que ser√≠a rechazados en la frontera estadounidense con M√©xico. 
2021-06-14	2	Los param√©dicos eran llamados con frecuencia para responder a ataques de p√°nico tan severos que los pu√±os parec√≠an pelotas y les temblaba el cuerpo. Varios menores tuvieron ataques de p√°nico tras ver que sus amigos se iban para unirse a sus familias. Tres familias migrantes separadas por Trump demandan por da√±os y perjuicios La organizaci√≥n que representa a las tres familias, junto al bufete de abogados Keker, Van Nest & Peters, resalt√≥ que la querella legal est√° respaldada bajo la Ley Federal de Reclamaciones por Agravios. 
2021-06-15	1	‚ÄúQuisiera que este c√≥mic ayudara a sensibilizar a la gente, no solo en M√©xico, sino en todos el mundo‚Äù, se√±al√≥ Arriaga, Premio Alfaguara de Novela 2020, este martes en conferencia de prensa. Junto con su madre y hermano, la ni√±a Ana emprende el doloroso camino de la migraci√≥n forzada rumbo a los Estados Unidos. ‚ÄúMuchos siguen sufriendo delitos como la extorsi√≥n, trata de persona, reclutamiento forzado y secuestros, por mencionar algunos‚Äù, refiri√≥. 
2021-06-16	1	"El grupo fue interceptado en la misma carretera PR-115, en el barrio Calvache. ‚ÄúLas personas que se aventuran a viajar y entrar ilegalmente a territorio estadounidense no solo se exponen a ser v√≠ctimas de las organizaciones criminales que les transportan y el peligro inherente del viaje, sino que se exponen a los inconvenientes de un procesamiento formal administrativo o criminal de ser arrestadas por agentes de la Patrulla Fronteriza"", dijo Qui√±ones a NotiCel. Los 31 inmigrantes ser√°n fichados y deportados a trav√©s del Servicio de Inmigraci√≥n y Control de Aduanas. "
2021-06-17	2	De acuerdo con el derecho mar√≠timo internacional, las personas rescatadas deber√≠an desembarcar en un lugar seguro‚Äù, apunt√≥ la nota, agregando que Libia no pod√≠a incluirse en esta categor√≠a. Los contrabandistas de personas suelen embarcar a familias desesperadas en atestadas lanchas neum√°ticas en mal estado que se paran y naufragan en la peligrosa ruta del Mediterr√°neo central. En los √∫ltimos a√±os, la Uni√≥n Europea se ha asociado con la guardia costera libia y otros grupos locales en un intento por frenar las letales traves√≠as. 
2021-06-18	1	Al menos tres personas murieron y cuatro estaban desaparecidas luego que un barco con casi 50 migrantes se hundi√≥ frente a las Islas Canarias, dijeron las autoridades espa√±olas el viernes. La polic√≠a nacional dijo que continuaba la b√∫squeda de otras cuatro personas, incluyendo un ni√±o. Cierres de fronteras y las restricciones a los viajes a√©reos durante la pandemia de coronavirus han contribuido en parte al incremento, junto con estrictos controles fronterizos para prevenir los cruces del Mediterr√°neo a Europa. 
2021-06-21	1	üí¨Ver comentarios La enviada especial de la Agencia de la ONU para los refugiados (ACNUR), la famosa actriz Angelina Jolie, visit√≥ este fin de semana a refugiados y desplazados internos del norte Burkina Faso para conmemorar el D√≠a Mundial del Refugiado. - ‚éô 
2021-06-24	1	Cuando parece que ser√° expuesto, toma la decisi√≥n de emigrar a Estados Unidos con su mejor amiga, Sandra (interpretada por la actriz c√≥mica mexicana Michelle Rodr√≠guez en un papel desgarradoramente bueno), y dejar todo atr√°s con la esperanza de tener mejores oportunidades. Por la estructura del filme, pronto sabemos que Iv√°n logra su sue√±o y tiene √©xito como chef en Nueva York. ‚ÄúI Carry You with Me‚Äù no podr√≠a ser m√°s espec√≠fica sobre las dificultades de una pareja gay indocumentada que trata de abrirse paso en el mundo, pero esa especificidad hace que sus temas y emociones sean totalmente universales. 
2021-06-25	1	Kamala Harris evalua ‚Äúefectos‚Äù de la migraci√≥n en frontera con M√©xico Cuando concluya la visita, Harris se reunir√° con activistas, abogados y varias ONG que ayudan a los inmigrantes, indic√≥ su oficina este jueves. Siempre fue mi plan venir aqu√≠, y creo que vamos a tener un d√≠a bueno y productivo‚Äù, dijo Harris en declaraciones a la prensa en la entrada del centro. Cuando concluya la visita, Harris se reunir√° con activistas, abogados y varias ONG que ayudan a los inmigrantes, indic√≥ su oficina este jueves. 
2021-06-26	1	Harris defendi√≥ el momento de su visita y el haber elegido El Paso, Texas. Harris visit√≥ la regi√≥n acompa√±ada por el secretario de Seguridad Nacional, Alejandro Mayorkas; la representante dem√≥crata Veronica Escobar y el senador dem√≥crata Dick Durbin, una prominente voz del partido en el tema de la reforma migratoria. En una entrevista el viernes con el medio conservador Newsmax, Trump dijo: ‚Äúcreo que deber√≠a ir a la parte real de la frontera, no a una parte de la frontera que rara vez es infringida‚Äù. 
2021-06-28	2	"Llen√≥ una mochila y se encomend√≥ al amuleto de coraz√≥n que le regal√≥ un amigo para mantener alejados a los malos esp√≠ritus. ""Son gente m√°s educada que puede presentar sus argumentos y narrar su historia de manera ordenada, cronol√≥gica, como est√°n acostumbrados los jueces"", a√±adi√≥. Brice√±o dijo que, de haberse quedado en Venezuela, estar√≠a ganando el equivalente a unos 50 d√≥lares al mes, apenas lo m√≠nimo necesario para subsistir. "
2021-06-29	1	Estos estimados se basan en encuestas que realiza el negociado en Estados Unidos como en Puerto Rico y en el caso particular del a√±o afectado por el hurac√°n Mar√≠a, se bas√≥ en una combinaci√≥n de fuentes de pasajeros y datos administrativos. En 2020, el √∫ltimo a√±o fiscal disponible, se retoma el patr√≥n emigratorio, pero solo salieron en t√©rminos netos unas 26,247 personas. Esta emigraci√≥n fue mucho m√°s moderada que en el periodo 2011-2017‚Äù, manifest√≥ el director del CIC, Jos√© Caraballo Cueto. 
2021-07-01	1	El funcionario declar√≥ a condici√≥n de guardar el anonimato porque no estaba autorizado para hablar p√∫blicamente sobre la ceremonia. Te recomendamos: - A partir del lunes no habr√° l√≠mite de personas en espacios cerrados p√∫blicos y privados - Vacunados en Puerto Rico ya no tienen que usar mascarillas - Juramentan los delegados congresionales que buscar√°n la estadidad El debate sobre la inmigraci√≥n involucra temas fundamentales de seguridad nacional y crecimiento econ√≥mico. Se cree que Lindsay es la primera estadounidense en ser vacunada contra el COVID-19 fuera de una prueba cl√≠nica. 
2021-07-07	1	KEY WEST, Florida, EE.UU. ‚Äî La Guardia Costera estadounidense y un barco de carga rescataron a 13 migrantes cubanos en alta mar luego que su embarcaci√≥n se fue a pique frente a Key West mientras se acercaba al √°rea la tormenta tropical Elsa, dijo la agencia hoy. Le dijeron a la Guardia Costera que siete hombres y dos mujeres estaban desaparecidos en el mar. de ayer para reportar que hab√≠a encontrado a cuatro personas en el agua. 
2021-07-09	1	La directriz anunciada el viernes no impide al Servicio de Control de Inmigraci√≥n y Aduanas (ICE por sus siglas en ingl√©s) iniciar procedimientos para deportar a mujeres que est√°n embarazadas, amamantando o que dieron a luz en el √∫ltimo a√±o. Pero en general, ya no ser√°n detenidas mientras se resuelven sus casos, excepto en ‚Äúcircunstancias excepcionales‚Äù, dijo la agencia. La agencia se comprometi√≥ a que el n√∫mero ‚Äúmuy limitado‚Äù de mujeres embarazadas detenidas bajo la nueva pol√≠tica recibir√° atenci√≥n m√©dica regular seg√∫n sea necesario. 
2021-07-11	1	Doce personas murieron y 20 resultaron heridas despu√©s de que un minib√∫s que llevaba migrantes volcara y se incendiara en el este de Turqu√≠a, seg√∫n dijo el domingo la agencia estatal de noticias Anadolu. Im√°genes emitidas en televisi√≥n mostraban a sobrevivientes que se lamentaban mientras eran atendidos a un lado de la carretera, y trabajadores de emergencia buscando entre los restos calcinados. Es habitual que grupos de migrantes, la mayor√≠a de Ir√°n, Afganist√°n y Pakist√°n, crucen a pie la frontera desde Ir√°n antes de ser trasladados al oeste, a ciudades como Estambul y Ankara. 
2021-07-12	2	"Kreyche hizo notar que los 127 conjuntos de restos hallados durante el primer semestre de este a√±o son mucho m√°s que los 96 cad√°veres recuperados durante el mismo per√≠odo del a√±o pasado. Cuando cruzas ilegalmente, te pones en un riesgo incre√≠ble"", les dijo a los periodistas Chris T. Clem, agente fronterizo jefe de sector. Los rescates se han incrementado, lo cual mantiene ocupadas a las unidades especializadas de b√∫squeda y rescate de la Patrulla Fronteriza, al igual que a sus operaciones a√©reas y mar√≠timas. "
2021-07-13	1	La cifra de personas que viajaron en rutas mar√≠timas rumbo a Europa tambi√©n aument√≥, aunque s√≥lo en un 56%, se√±al√≥ el reporte. La ruta del Mediterr√°neo central entre Libia e Italia fue la que m√°s vidas cobr√≥, con 741. En segundo lugar se ubic√≥ un estrecho del Oc√©ano Atl√°ntico entre √Åfrica occidental y las Islas Canarias de Espa√±a, donde fallecieron por lo menos 250 personas, indic√≥ la agencia. 
2021-07-20	1	Al menos 430 migrantes hicieron el lunes la peligrosa traves√≠a del Canal de la Mancha para llegar a Gran Breta√±a, seg√∫n cifras reunidas por la brit√°nica Press Association. El Parlamento empez√≥ a debatir el lunes una amplia reforma del sistema brit√°nico de asilo. Bella Sankey, directora del grupo ben√©fico Detention Action, describi√≥ la Ley de nacionalidad y fronteras como una ‚Äúpropuesta de ley contra refugiados‚Äù y parte de un ‚Äúteatro pol√≠tico que ni siquiera pretende abordar el problema o hacer nuestro sistema seguro, justo o eficiente‚Äù. 
2021-07-21	1	
2021-07-24	2	Illinois y otros estados gobernados por los dem√≥cratas est√°n ampliando su seguro de salud para incluir a inmigrantes adultos, incluso ancianos, que se encuentran en el pa√≠s sin autorizaci√≥n. El estado, el primero que ofreci√≥ un programa similar al Medicaid, el seguro de salud para ancianos, lo ampli√≥ este a√±o con el nuevo presupuesto. El gobierno del presidente Donald Trump aprob√≥ una norma que neg√≥ la residencia a los inmigrantes usuarios de prestaciones p√∫blicas. 
2021-07-25	1	Acto seguido, venci√≥ 9-8 a la china Zhou Lijun en cuartos, remontado en el √∫ltimo minuto por segundo combate consecutivo. En el repechaje por el bronce, Alizadeh lleg√≥ al final del primer asalto contra ƒ∞lg√ºn con una estrecha ventaja, pero no volvi√≥ a anotar hasta que fue demasiado tarde para darle la vuelta a la pelea. Con 18 a√±os, Alizadeh se convirti√≥ en una hero√≠na en Ir√°n por su victoria en R√≠o, pero cuando decidi√≥ irse aleg√≥ sexismo institucional y la obligaci√≥n de llevar hijab. 
2021-07-26	1	En Texas algunos migrantes mueren ahogados cuando tratan de cruzar el R√≠o Grande, mientras que otros fallecen por el esfuerzo sobrehumano que hacen al caminar largos d√≠as en el desierto tratando de evitar ser detectados por la Patrulla Fronteriza. Esto, sumado a las altas temperaturas, agrava las condiciones para los migrantes, poni√©ndolos en peligro de muerte. Es urgente que ambos partidos pol√≠ticos (Dem√≥crata y Republicano) trabajen para encontrar un soluci√≥n‚Äù, finaliz√≥ Mart√≠nez. 
2021-07-30	1	Una de ellas es el Valle de Lehigh, en Pensilvania, que por primera vez en d√©cadas est√° viendo a su poblaci√≥n crecer gracias a los puertorrique√±os que emigraron hacia ese estado. All√≠, florecen los restaurantes, bares, parques, centros culturales y de entretenimiento, incluida una monta√±a rusa. La pandemia del covid-19 tambi√©n ha tenido impacto en la migraci√≥n durante el a√±o en que se llev√≥ a cabo el Censo. 
2021-07-31	1	El republicano Abbott, que buscar√° la reelecci√≥n el a√±o entrante, escribi√≥ el viernes a Garland, se√±al√°ndole que el gobierno federal interfer√≠a con sus obligaciones de proteger a los residentes de Texas. Durante meses, el gobernador ha copiado la postura severa del expresidente Donald Trump en el tema de la inmigraci√≥n. Las declaraciones que acompa√±an a la demanda ofrec√≠an nueva evidencia de que grandes n√∫meros de migrantes est√°n llegando a la frontera con M√©xico, y altos funcionarios han dicho que la orden del gobernador podr√≠a obstruir de manera importante el transporte y otras operaciones federales. 
2021-08-01	1	En concreto, en el Valle del R√≠o Grande, el sector m√°s concurrido para los cruces fronterizos, hubo 6,671 inmigrantes en una instalaci√≥n con capacidad para 965 personas, seg√∫n uno de los funcionarios, -cuyos nombres NBC no revela- lo que provoc√≥ la propagaci√≥n de COVID-19, otros virus y piojos entre los migrantes. Descarga nuestra aplicaci√≥n m√≥vil, disponible en el App Store y Google Play. Mientras que por otro lado, el fiscal general republicano de Texas, Ken Paxton, solicit√≥ en una orden judicial el pasado 15 de julio que el Gobierno del presidente Joe Biden contin√∫e aplicando esa regla sin excepciones. 
2021-08-02	4	Ese proceso, bautizado como Operaci√≥n Refugio para los Aliados, es extremadamente complejo, dado que obtener un visado SIV puede llevar a√±os, y Washington negocia con terceros pa√≠ses, como Catar y Kuwait, para que acojan temporalmente a esos afganos en su territorio mientras completan sus tr√°mites. No se dio una cifra m√°s espec√≠fica de cu√°ntas personas podr√≠an optar al programa. Ese proceso, bautizado como Operaci√≥n Refugio para los Aliados, es extremadamente complejo dado que obtener un visado SIV puede llevar a√±os, y Washington negocia con terceros pa√≠ses, como Catar y Kuwait, para que acojan temporalmente a esos afganos en su territorio mientras completan sus tr√°mites. 
2021-08-03	1	"Los ni√±os migrantes no acompa√±ados ser√°n excluidos de esta orden. Descarga nuestra aplicaci√≥n m√≥vil, disponible en el App Store y Google Play. La querella contra el secretario de Seguridad Nacional, Alejandro Mayorkas, presentada en el Tribunal Federal del Distrito de Columbia, argumenta que el T√≠tulo 42 ‚Äúviola los estatutos de larga data sobre inmigraci√≥n que requieren que quienes solicitan asilo tengan un proceso completo y justo que determine su derecho a tener la protecci√≥n de Estados Unidos"", se√±alaron los grupos en un comunicado. "
2021-08-04	2	"WASHINGTON - El Gobierno de Estados Unidos est√° estudiando vacunar a parte de los migrantes que cruzan irregularmente la frontera sur con M√©xico, seg√∫n inform√≥ el martes el diario The Washington Post. El secretario adjunto para migraci√≥n y frontera del DHS, David Shahoulian, dijo al Post que ""las tasas a las que no ciudadanos encontrados dan positivo por COVID-19 han aumentado significativamente en las √∫ltimas semanas"". Pero las cifras no son directamente comparables debido a que muchos cruzan la frontera en repetidas ocasiones debido a que son expulsados de manera expedita sin permitirles solicitar asilo y sin enfrentar consecuencias jur√≠dicas. "
2021-08-05	2	6 fotos 1/6 2/6 3/6 4/6 5/6 6/6 Benny Mart√≠nez, alguacil del condado Brooks, inform√≥ que en el accidente hubo 27 hombres y 3 mujeres. Mart√≠nez agreg√≥ que se identificaron a tres mexicanos, un guatemalteco y 26 hondure√±os en el grupo. Conforme al Consulado de M√©xico, 19 personas que recibieron heridas de gravedad fueron transportadas a diferentes hospitales en el Valle del R√≠o Grande incluyendo McAllen Medical Center, Edinburg Regioal y DHR Health. 
