title	link	source	date	title_corrected
Primeros dos meses de Luma: retrasos, daños y servicio deficiente - Sin Comillas	https://news.google.com/__i/rss/rd/articles/CBMiWGh0dHBzOi8vc2luY29taWxsYXMuY29tL3ByaW1lcm9zLWRvcy1tZXNlcy1kZS1sdW1hLXJldHJhc29zLWRhbm9zLXktc2VydmljaW8tZGVmaWNpZW50ZS_SAQA?oc=5	Sin Comillas	2021-08-16	Primeros dos meses de Luma: retrasos, daños y servicio deficiente
Así suena ‘Pa la Calle’: el nuevo EP que Lyanno presenta en Colombia - infobae	https://news.google.com/__i/rss/rd/articles/CBMidmh0dHBzOi8vd3d3LmluZm9iYWUuY29tL2FtZXJpY2EvY29sb21iaWEvMjAyMS8wOC8xNi9hc2ktc3VlbmEtcGEtbGEtY2FsbGUtZWwtbnVldm8tZXAtcXVlLWx5YW5uby1wcmVzZW50YS1lbi1jb2xvbWJpYS_SAYoBaHR0cHM6Ly93d3cuaW5mb2JhZS5jb20vYW1lcmljYS9jb2xvbWJpYS8yMDIxLzA4LzE2L2FzaS1zdWVuYS1wYS1sYS1jYWxsZS1lbC1udWV2by1lcC1xdWUtbHlhbm5vLXByZXNlbnRhLWVuLWNvbG9tYmlhLz9vdXRwdXRUeXBlPWFtcC10eXBl?oc=5	infobae	2021-08-16	Así suena ‘Pa la Calle’: el nuevo EP que Lyanno presenta en Colombia
Lucecita, Chucho y Lissette: la historia del triángulo que marcó la cultura popular en Puerto Rico - El Nuevo Dia.com	https://news.google.com/__i/rss/rd/articles/CBMioQFodHRwczovL3d3dy5lbG51ZXZvZGlhLmNvbS9lbnRyZXRlbmltaWVudG8vbXVzaWNhL3ZpZGVvcy9sdWNlY2l0YS1jaHVjaG8teS1saXNzZXR0ZS1sYS1oaXN0b3JpYS1kZWwtdHJpYW5ndWxvLXF1ZS1tYXJjby1sYS1jdWx0dXJhLXBvcHVsYXItZW4tcHVlcnRvLXJpY28tMjczODIxL9IBAA?oc=5	El Nuevo Dia.com	2021-08-16	Lucecita, Chucho y Lissette: la historia del triángulo que marcó la cultura popular en Puerto Rico
Grace se aleja de Puerto Rico, pero sus lluvias podrían continuar hasta mañana - El Vocero de Puerto Rico	https://news.google.com/__i/rss/rd/articles/CBMiogFodHRwczovL3d3dy5lbHZvY2Vyby5jb20vZWwtdGllbXBvL2dyYWNlLXNlLWFsZWphLWRlLXB1ZXJ0by1yaWNvLXBlcm8tc3VzLWxsdXZpYXMtcG9kci1hbi1jb250aW51YXItaGFzdGEtbWEtYW5hL2FydGljbGVfZWU5MzRjY2UtZmRhNC0xMWViLTk3YWItMGI3OTljMTUxNmU0Lmh0bWzSAaYBaHR0cHM6Ly93d3cuZWx2b2Nlcm8uY29tL2VsLXRpZW1wby9ncmFjZS1zZS1hbGVqYS1kZS1wdWVydG8tcmljby1wZXJvLXN1cy1sbHV2aWFzLXBvZHItYW4tY29udGludWFyLWhhc3RhLW1hLWFuYS9hcnRpY2xlX2VlOTM0Y2NlLWZkYTQtMTFlYi05N2FiLTBiNzk5YzE1MTZlNC5hbXAuaHRtbA?oc=5	El Vocero de Puerto Rico	2021-08-16	Grace se aleja de Puerto Rico, pero sus lluvias podrían continuar hasta mañana
El Covid-19 se cobró la vida de un paciente de Puerto Rico y se registraron 148 nuevos positivos - EL TERRITORIO	https://news.google.com/__i/rss/rd/articles/CBMimwFodHRwczovL3d3dy5lbHRlcnJpdG9yaW8uY29tLmFyL25vdGljaWFzLzIwMjEvMDgvMTYvNzE2Mjc0LWVsLWNvdmlkLTE5LXNlLWNvYnJvLWxhLXZpZGEtZGUtdW4tcGFjaWVudGUtZGUtcHVlcnRvLXJpY28teS1zZS1yZWdpc3RyYXJvbi0xNDgtbnVldm9zLXBvc2l0aXZvc9IBnwFodHRwczovL3d3dy5lbHRlcnJpdG9yaW8uY29tLmFyL2FtcC9ub3RpY2lhcy8yMDIxLzA4LzE2LzcxNjI3NC1lbC1jb3ZpZC0xOS1zZS1jb2Jyby1sYS12aWRhLWRlLXVuLXBhY2llbnRlLWRlLXB1ZXJ0by1yaWNvLXktc2UtcmVnaXN0cmFyb24tMTQ4LW51ZXZvcy1wb3NpdGl2b3M?oc=5	EL TERRITORIO	2021-08-16	El Covid-19 se cobró la vida de un paciente de Puerto Rico y se registraron 148 nuevos positivos
EXCLUSIVA: Suspenden inicio de clases en Sabana Grande ante repunte de casos de COVID-19 - Telemundo Puerto Rico	https://news.google.com/__i/rss/rd/articles/CBMikQFodHRwczovL3d3dy50ZWxlbXVuZG9wci5jb20vbm90aWNpYXMvcHVlcnRvLXJpY28vZXhjbHVzaXZhLXN1c3BlbmRlbi1pbmljaW8tZGUtY2xhc2VzLWVuLXNhYmFuYS1ncmFuZGUtYW50ZS1yZXB1bnRlLWRlLWNhc29zLWRlLWNvdmlkLTE5LzIyNDg4ODcv0gGVAWh0dHBzOi8vd3d3LnRlbGVtdW5kb3ByLmNvbS9ub3RpY2lhcy9wdWVydG8tcmljby9leGNsdXNpdmEtc3VzcGVuZGVuLWluaWNpby1kZS1jbGFzZXMtZW4tc2FiYW5hLWdyYW5kZS1hbnRlLXJlcHVudGUtZGUtY2Fzb3MtZGUtY292aWQtMTkvMjI0ODg4Ny8_YW1w?oc=5	Telemundo Puerto Rico	2021-08-16	EXCLUSIVA: Suspenden inicio de clases en Sabana Grande ante repunte de casos de COVID-19
Profesionales de la salud exigen pago de incentivo y aumento de salario - Telemundo Puerto Rico	https://news.google.com/__i/rss/rd/articles/CBMigQFodHRwczovL3d3dy50ZWxlbXVuZG9wci5jb20vbm90aWNpYXMvcHVlcnRvLXJpY28vcHJvZmVzaW9uYWxlcy1kZS1sYS1zYWx1ZC1leGlnZW4tcGFnby1kZS1pbmNlbnRpdm8teS1hdW1lbnRvLWRlLXNhbGFyaW8vMjI0ODc0My_SAYUBaHR0cHM6Ly93d3cudGVsZW11bmRvcHIuY29tL25vdGljaWFzL3B1ZXJ0by1yaWNvL3Byb2Zlc2lvbmFsZXMtZGUtbGEtc2FsdWQtZXhpZ2VuLXBhZ28tZGUtaW5jZW50aXZvLXktYXVtZW50by1kZS1zYWxhcmlvLzIyNDg3NDMvP2FtcA?oc=5	Telemundo Puerto Rico	2021-08-16	Profesionales de la salud exigen pago de incentivo y aumento de salario
Federales capturan a sospechoso de asesinar a joven madre y su hija en Añasco - Primera Hora	https://news.google.com/__i/rss/rd/articles/CBMijAFodHRwczovL3d3dy5wcmltZXJhaG9yYS5jb20vbm90aWNpYXMvcG9saWNpYS10cmlidW5hbGVzL25vdGFzL2ZlZGVyYWxlcy1jYXB0dXJhbi1hLXNvc3BlY2hvc28tZGUtYXNlc2luYXItYS1qb3Zlbi1tYWRyZS15LXN1LWhpamEtZW4tYW5hc2NvL9IBAA?oc=5	Primera Hora	2021-08-17	Federales capturan a sospechoso de asesinar a joven madre y su hija en Añasco
Envió menos de 8 kilos de marihuana por encomienda y pasará 4 años en prisión - EL TERRITORIO	https://news.google.com/__i/rss/rd/articles/CBMiiAFodHRwczovL3d3dy5lbHRlcnJpdG9yaW8uY29tLmFyL25vdGljaWFzLzIwMjEvMDgvMTcvNzE2Mzk0LWVudmlvLW1lbm9zLWRlLTgta2lsb3MtZGUtbWFyaWh1YW5hLXBvci1lbmNvbWllbmRhLXktcGFzYXJhLTQtYW5vcy1lbi1wcmlzaW9u0gGMAWh0dHBzOi8vd3d3LmVsdGVycml0b3Jpby5jb20uYXIvYW1wL25vdGljaWFzLzIwMjEvMDgvMTcvNzE2Mzk0LWVudmlvLW1lbm9zLWRlLTgta2lsb3MtZGUtbWFyaWh1YW5hLXBvci1lbmNvbWllbmRhLXktcGFzYXJhLTQtYW5vcy1lbi1wcmlzaW9u?oc=5	EL TERRITORIO	2021-08-17	Envió menos de 8 kilos de marihuana por encomienda y pasará 4 años en prisión
Debate por el inicio de clases presenciales - El Vocero de Puerto Rico	https://news.google.com/__i/rss/rd/articles/CBMimgFodHRwczovL3d3dy5lbHZvY2Vyby5jb20vZWR1Y2FjaW9uL2RlcGFydGFtZW50by1kZS1lZHVjYWNpb24vZGViYXRlLXBvci1lbC1pbmljaW8tZGUtY2xhc2VzLXByZXNlbmNpYWxlcy9hcnRpY2xlX2ZhNDNiZGUyLWZmMDItMTFlYi05MzBmLTZmM2YxZGMwMjFlOC5odG1s0gGeAWh0dHBzOi8vd3d3LmVsdm9jZXJvLmNvbS9lZHVjYWNpb24vZGVwYXJ0YW1lbnRvLWRlLWVkdWNhY2lvbi9kZWJhdGUtcG9yLWVsLWluaWNpby1kZS1jbGFzZXMtcHJlc2VuY2lhbGVzL2FydGljbGVfZmE0M2JkZTItZmYwMi0xMWViLTkzMGYtNmYzZjFkYzAyMWU4LmFtcC5odG1s?oc=5	El Vocero de Puerto Rico	2021-08-17	Debate por el inicio de clases presenciales
Harán pruebas de dopaje en el Capitolio - Primera Hora	https://news.google.com/__i/rss/rd/articles/CBMiX2h0dHBzOi8vd3d3LnByaW1lcmFob3JhLmNvbS9ub3RpY2lhcy9wdWVydG8tcmljby9ub3Rhcy9oYXJhbi1wcnVlYmFzLWRlLWRvcGFqZS1lbi1lbC1jYXBpdG9saW8v0gEA?oc=5	Primera Hora	2021-08-17	Harán pruebas de dopaje en el Capitolio
Yaguareté hembra fue fotografiada en el paseo superior de Cataratas | EL TERRITORIO noticias de Misiones. - EL TERRITORIO	https://news.google.com/__i/rss/rd/articles/CBMifmh0dHBzOi8vd3d3LmVsdGVycml0b3Jpby5jb20uYXIvbm90aWNpYXMvMjAyMS8wOC8xNy83MTYzOTYteWFndWFyZXRlLWhlbWJyYS1mdWUtZm90b2dyYWZpYWRhLWVuLWVsLXBhc2VvLXN1cGVyaW9yLWRlLWNhdGFyYXRhc9IBAA?oc=5	EL TERRITORIO	2021-08-17	Yaguareté hembra fue fotografiada en el paseo superior de Cataratas noticias de Misiones.
Paty Navidad sobre el COVID-19: “sí existe este virus y por la mala me tocó comprobarlo” - Primera Hora	https://news.google.com/__i/rss/rd/articles/CBMikgFodHRwczovL3d3dy5wcmltZXJhaG9yYS5jb20vZW50cmV0ZW5pbWllbnRvL2ZhcmFuZHVsYS9ub3Rhcy9wYXR5LW5hdmlkYWQtc29icmUtZWwtY292aWQtMTktc2ktZXhpc3RlLWVzdGUtdmlydXMteS1wb3ItbGEtbWFsYS1tZS10b2NvLWNvbXByb2JhcmxvL9IBAA?oc=5	Primera Hora	2021-08-17	Paty Navidad sobre el COVID-19: “sí existe este virus y por la mala me tocó comprobarlo”
El caos por el mandato talibán en Afganistán y la salida de Estados Unidos: lo que debes saber - NotiCel	https://news.google.com/__i/rss/rd/articles/CBMikQFodHRwczovL3d3dy5ub3RpY2VsLmNvbS9tdW5kby90b3Atc3Rvcmllcy8yMDIxMDgxNy9lbC1jYW9zLXBvci1lbC1tYW5kYXRvLXRhbGliYW4tZW4tYWZnYW5pc3Rhbi15LWxhLXNhbGlkYS1kZS1lc3RhZG9zLXVuaWRvcy1sby1xdWUtZGViZXMtc2FiZXIv0gEA?oc=5	NotiCel	2021-08-17	El caos por el mandato talibán en Afganistán y la salida de Estados Unidos: lo que debes saber
Así está la situación en Haití tras terremoto y azote de Grace - Primera Hora	https://news.google.com/__i/rss/rd/articles/CBMid2h0dHBzOi8vd3d3LnByaW1lcmFob3JhLmNvbS9ub3RpY2lhcy9tdW5kby9mb3RvZ2FsZXJpYXMvYXNpLWVzdGEtbGEtc2l0dWFjaW9uLWVuLWhhaXRpLXRyYXMtdGVycmVtb3RvLXktYXpvdGUtZGUtZ3JhY2Uv0gEA?oc=5	Primera Hora	2021-08-17	Así está la situación en Haití tras terremoto y azote de Grace
Trabajadores denuncian escollos por orden de vacunación obligatoria contra el covid-19 - El Vocero de Puerto Rico	https://news.google.com/__i/rss/rd/articles/CBMiswFodHRwczovL3d3dy5lbHZvY2Vyby5jb20vZ29iaWVybm8vYWdlbmNpYXMvdHJhYmFqYWRvcmVzLWRlbnVuY2lhbi1lc2NvbGxvcy1wb3Itb3JkZW4tZGUtdmFjdW5hY2ktbi1vYmxpZ2F0b3JpYS1jb250cmEtZWwtY292aWQtMTkvYXJ0aWNsZV83ODc3NjhjNi1mZjAzLTExZWItYWQzZC0yYjUyOTM1NGVhYjAuaHRtbNIBtwFodHRwczovL3d3dy5lbHZvY2Vyby5jb20vZ29iaWVybm8vYWdlbmNpYXMvdHJhYmFqYWRvcmVzLWRlbnVuY2lhbi1lc2NvbGxvcy1wb3Itb3JkZW4tZGUtdmFjdW5hY2ktbi1vYmxpZ2F0b3JpYS1jb250cmEtZWwtY292aWQtMTkvYXJ0aWNsZV83ODc3NjhjNi1mZjAzLTExZWItYWQzZC0yYjUyOTM1NGVhYjAuYW1wLmh0bWw?oc=5	El Vocero de Puerto Rico	2021-08-17	Trabajadores denuncian escollos por orden de vacunación obligatoria contra el covid-19
Salud nombra a Melissa Marzán Rodríguez como principal oficial de epidemiología - Primera Hora	https://news.google.com/__i/rss/rd/articles/CBMijQFodHRwczovL3d3dy5wcmltZXJhaG9yYS5jb20vbm90aWNpYXMvZ29iaWVybm8tcG9saXRpY2Evbm90YXMvc2FsdWQtbm9tYnJhLWEtbWVsaXNzYS1tYXJ6YW4tcm9kcmlndWV6LWNvbW8tcHJpbmNpcGFsLW9maWNpYWwtZGUtZXBpZGVtaW9sb2dpYS_SAQA?oc=5	Primera Hora	2021-08-17	Salud nombra a Melissa Marzán Rodríguez como principal oficial de epidemiología
Salud informa 11 muertes adicionales por COVID-19 - Primera Hora	https://news.google.com/__i/rss/rd/articles/CBMia2h0dHBzOi8vd3d3LnByaW1lcmFob3JhLmNvbS9ub3RpY2lhcy9wdWVydG8tcmljby9ub3Rhcy9zYWx1ZC1pbmZvcm1hLTExLW11ZXJ0ZXMtYWRpY2lvbmFsZXMtcG9yLWNvdmlkLTE5LTQv0gEA?oc=5	Primera Hora	2021-08-17	Salud informa 11 muertes adicionales por COVID-19
Agente federal arresta trío que intentó asaltarlo en Guaynabo - Primera Hora	https://news.google.com/__i/rss/rd/articles/CBMifGh0dHBzOi8vd3d3LnByaW1lcmFob3JhLmNvbS9ub3RpY2lhcy9wb2xpY2lhLXRyaWJ1bmFsZXMvbm90YXMvYWdlbnRlLWZlZGVyYWwtYXJyZXN0YS10cmlvLXF1ZS1pbnRlbnRvLWFzYWx0YXJsby1lbi1ndWF5bmFiby_SAQA?oc=5	Primera Hora	2021-08-17	Agente federal arresta trío que intentó asaltarlo en Guaynabo
Identifican septuagenaria que murió en un incendio en Bayamón - Primera Hora	https://news.google.com/__i/rss/rd/articles/CBMifGh0dHBzOi8vd3d3LnByaW1lcmFob3JhLmNvbS9ub3RpY2lhcy9wb2xpY2lhLXRyaWJ1bmFsZXMvbm90YXMvaWRlbnRpZmljYW4tc2VwdHVhZ2VuYXJpYS1xdWUtbXVyaW8tZW4tdW4taW5jZW5kaW8tZW4tYmF5YW1vbi_SAQA?oc=5	Primera Hora	2021-08-17	Identifican septuagenaria que murió en un incendio en Bayamón
El conmovedor abrazo de Jasmine Camacho-Quinn al reencontrarse con su mamá - El Nuevo Dia.com	https://news.google.com/__i/rss/rd/articles/CBMijAFodHRwczovL3d3dy5lbG51ZXZvZGlhLmNvbS9kZXBvcnRlcy9vdHJvcy1kZXBvcnRlcy92aWRlb3MvZWwtY29ubW92ZWRvci1hYnJhem8tZGUtamFzbWluZS1jYW1hY2hvLXF1aW5uLWFsLXJlZW5jb250cmFyc2UtY29uLXN1LW1hbWEtMjczODQ4L9IBAA?oc=5	El Nuevo Dia.com	2021-08-17	El conmovedor abrazo de Jasmine Camacho-Quinn al reencontrarse con su mamá
Astros resuelven caso de niña golpeada por bola de foul - Diario Metro de Puerto Rico	https://news.google.com/__i/rss/rd/articles/CBMiXmh0dHBzOi8vd3d3Lm1ldHJvLnByL3ByL2RlcG9ydGVzLzIwMjEvMDgvMTYvYXN0cm9zLXJlc3VlbHZlbi1jYXNvLW5pbmEtZ29scGVhZGEtYm9sYS1mb3VsLmh0bWzSAWdodHRwczovL3d3dy5tZXRyby5wci9wci9tZXRyb2FtcC9kZXBvcnRlcy8yMDIxLzA4LzE2L2FzdHJvcy1yZXN1ZWx2ZW4tY2Fzby1uaW5hLWdvbHBlYWRhLWJvbGEtZm91bC5odG1s?oc=5	Diario Metro de Puerto Rico	2021-08-17	Astros resuelven caso de niña golpeada por bola de foul
El 10 de diciembre Bad Bunny se presentará en Puerto Rico - Los Angeles Times	https://news.google.com/__i/rss/rd/articles/CBMifWh0dHBzOi8vd3d3LmxhdGltZXMuY29tL2VzcGFub2wvZW50cmV0ZW5pbWllbnRvL2FydGljdWxvLzIwMjEtMDgtMTcvYmFkLWJ1bm55LXNlLXByZXNlbnRhcmEtZW4tcHVlcnRvLXJpY28tZWwtMTAtZGUtZGljaWVtYnJl0gGHAWh0dHBzOi8vd3d3LmxhdGltZXMuY29tL2VzcGFub2wvZW50cmV0ZW5pbWllbnRvL2FydGljdWxvLzIwMjEtMDgtMTcvYmFkLWJ1bm55LXNlLXByZXNlbnRhcmEtZW4tcHVlcnRvLXJpY28tZWwtMTAtZGUtZGljaWVtYnJlP19hbXA9dHJ1ZQ?oc=5	Los Angeles Times	2021-08-17	El 10 de diciembre Bad Bunny se presentará en Puerto Rico
“Eso es esperado” Explican alza en contagios y hospitalizaciones entre vacunados - Univision	https://news.google.com/__i/rss/rd/articles/CBMihAFodHRwczovL3d3dy51bml2aXNpb24uY29tL3JhZGlvL3B1ZXJ0by1yaWNvLXdrYXEtYW0vd2thcS01ODAtYW0vZXhwbGljYW4tYWx6YS1lbi1jb250YWdpb3MteS1ob3NwaXRhbGl6YWNpb25lcy1lbnRyZS12YWN1bmFkb3MtdmlkZW_SAQA?oc=5	Univision	2021-08-17	“Eso es esperado” Explican alza en contagios y hospitalizaciones entre vacunados
Este café de Puerto Rico ha conquistado a Nueva York, conócelo | El Universal - El Universal	https://news.google.com/__i/rss/rd/articles/CBMiX2h0dHBzOi8vd3d3LmVsdW5pdmVyc2FsLmNvbS5teC9tZW51L2VzdGUtY2FmZS1kZS1wdWVydG8tcmljby1oYS1jb25xdWlzdGFkby1udWV2YS15b3JrLWNvbm9jZWxv0gFjaHR0cHM6Ly93d3cuZWx1bml2ZXJzYWwuY29tLm14L21lbnUvZXN0ZS1jYWZlLWRlLXB1ZXJ0by1yaWNvLWhhLWNvbnF1aXN0YWRvLW51ZXZhLXlvcmstY29ub2NlbG8_YW1w?oc=5	El Universal	2021-08-17	Este café de Puerto Rico ha conquistado a Nueva York, conócelo
Empresaria de Florida enfrenta acusaciones por un supuesto fraude Ponzi - El Nuevo Día	https://news.google.com/__i/rss/rd/articles/CBMihQFodHRwczovL3d3dy5lbG51ZXZvZGlhLmNvbS9uZWdvY2lvcy9lbXByZXNhcy1jb21lcmNpb3Mvbm90YXMvZW1wcmVzYXJpYS1kZS1mbG9yaWRhLWVuZnJlbnRhLWFjdXNhY2lvbmVzLXBvci11bi1zdXB1ZXN0by1mcmF1ZGUtcG9uemkv0gEA?oc=5	El Nuevo Día	2021-08-17	Empresaria de Florida enfrenta acusaciones por un supuesto fraude Ponzi
La flor de maga, el símbolo que eligió Jasmine Camacho para llevar siempre consigo a Puerto Rico - El Vocero de Puerto Rico	https://news.google.com/__i/rss/rd/articles/CBMipgFodHRwczovL3d3dy5lbHZvY2Vyby5jb20vYWN0dWFsaWRhZC9sYS1mbG9yLWRlLW1hZ2EtZWwtcy1tYm9sby1xdWUtZWxpZ2ktamFzbWluZS1jYW1hY2hvLXBhcmEtbGxldmFyLXNpZW1wcmUtY29uc2lnby9hcnRpY2xlXzU2NTE4YTk0LWZmN2UtMTFlYi04ZTVmLWI3ZmJjOWJlOWNlMC5odG1s0gEA?oc=5	El Vocero de Puerto Rico	2021-08-17	La flor de maga, el símbolo que eligió Jasmine Camacho para llevar siempre consigo a Puerto Rico
Con problemas de infraestructura y a pesar del COVID-19, los estudiantes regresan a las escuelas - El Nuevo Día	https://news.google.com/__i/rss/rd/articles/CBMikgFodHRwczovL3d3dy5lbG51ZXZvZGlhLmNvbS9ub3RpY2lhcy9sb2NhbGVzL25vdGFzL2Nvbi1wcm9ibGVtYXMtZGUtaW5mcmFlc3RydWN0dXJhLXktYS1wZXNhci1kZWwtY292aWQtMTktbG9zLWVzdHVkaWFudGVzLXJlZ3Jlc2FuLWEtbGFzLWVzY3VlbGFzL9IBAA?oc=5	El Nuevo Día	2021-08-17	Con problemas de infraestructura y a pesar del COVID-19, los estudiantes regresan a las escuelas
Presidente de la Cámara no deja que Ferrer participe del caucus popular - NotiCel	https://news.google.com/__i/rss/rd/articles/CBMihwFodHRwczovL3d3dy5ub3RpY2VsLmNvbS9sZWdpc2xhdHVyYS9haG9yYS90b3Atc3Rvcmllcy8yMDIxMDgxNy9wcmVzaWRlbnRlLWRlLWxhLWNhbWFyYS1uby1kZWphLXF1ZS1mZXJyZXItcGFydGljaXBlLWRlbC1jYXVjdXMtcG9wdWxhci_SAQA?oc=5	NotiCel	2021-08-17	Presidente de la Cámara no deja que Ferrer participe del caucus popular
Jasmine Camacho-Quinn: con medalla de oro en mano viaja a encontrarse con sus fanáticos boricuas - El Nuevo Dia.com	https://news.google.com/__i/rss/rd/articles/CBMioAFodHRwczovL3d3dy5lbG51ZXZvZGlhLmNvbS9kZXBvcnRlcy9vdHJvcy1kZXBvcnRlcy9mb3RvZ2FsZXJpYXMvamFzbWluZS1jYW1hY2hvLXF1aW5uLWNvbi1tZWRhbGxhLWRlLW9yby1lbi1tYW5vLXZpYWphLWEtZW5jb250cmFyc2UtY29uLXN1cy1mYW5hdGljb3MtYm9yaWN1YXMv0gEA?oc=5	El Nuevo Dia.com	2021-08-17	Jasmine Camacho-Quinn: con medalla de oro en mano viaja a encontrarse con sus fanáticos boricuas
Informe al gobernador recomienda aumento al salario mínimo a $8.50 la hora a partir de enero - NotiCel	https://news.google.com/__i/rss/rd/articles/CBMioQFodHRwczovL3d3dy5ub3RpY2VsLmNvbS9nb2JpZXJuby9haG9yYS9lY29ub21pYS90b3Atc3Rvcmllcy8yMDIxMDgxNy9pbmZvcm1lLWFsLWdvYmVybmFkb3ItcmVjb21pZW5kYS1hdW1lbnRvLWFsLXNhbGFyaW8tbWluaW1vLWEtOC01MC1sYS1ob3JhLWEtcGFydGlyLWRlLWVuZXJvL9IBAA?oc=5	NotiCel	2021-08-17	Informe al gobernador recomienda aumento al salario mínimo a $8.50 la hora a partir de enero
Machargo tendrá que rendir cuentas al Senado sobre la construcción de una piscina en Rincón - El Vocero de Puerto Rico	https://news.google.com/__i/rss/rd/articles/CBMipwFodHRwczovL3d3dy5lbHZvY2Vyby5jb20vZ29iaWVybm8vbWFjaGFyZ28tdGVuZHItcXVlLXJlbmRpci1jdWVudGFzLWFsLXNlbmFkby1zb2JyZS1sYS1jb25zdHJ1Y2NpLW4tZGUtdW5hLXBpc2NpbmEtZW4vYXJ0aWNsZV80YjkyODJiNC1mZWQxLTExZWItYmMxOS02ZmRlMDdmNzQwMDIuaHRtbNIBAA?oc=5	El Vocero de Puerto Rico	2021-08-17	Machargo tendrá que rendir cuentas al Senado sobre la construcción de una piscina en Rincón
Arrestan a tres mujeres por trasiego de drogas en un residencial de Guayama - El Vocero de Puerto Rico	https://news.google.com/__i/rss/rd/articles/CBMirQFodHRwczovL3d3dy5lbHZvY2Vyby5jb20vbGV5LXktb3JkZW4vcG9saWNpYWNhcy9hcnJlc3Rhbi1hLXRyZXMtbXVqZXJlcy1wb3ItdHJhc2llZ28tZGUtZHJvZ2FzLWVuLXVuLXJlc2lkZW5jaWFsLWRlLWd1YXlhbWEvYXJ0aWNsZV8zODAwNWU5Mi1mZjUzLTExZWItYTBiZS0zN2IyMmM5ZjllNWEuaHRtbNIBsQFodHRwczovL3d3dy5lbHZvY2Vyby5jb20vbGV5LXktb3JkZW4vcG9saWNpYWNhcy9hcnJlc3Rhbi1hLXRyZXMtbXVqZXJlcy1wb3ItdHJhc2llZ28tZGUtZHJvZ2FzLWVuLXVuLXJlc2lkZW5jaWFsLWRlLWd1YXlhbWEvYXJ0aWNsZV8zODAwNWU5Mi1mZjUzLTExZWItYTBiZS0zN2IyMmM5ZjllNWEuYW1wLmh0bWw?oc=5	El Vocero de Puerto Rico	2021-08-17	Arrestan a tres mujeres por trasiego de drogas en un residencial de Guayama
Rashel Díaz regresó a la televisión - El Nuevo Día	https://news.google.com/__i/rss/rd/articles/CBMiYGh0dHBzOi8vd3d3LmVsbnVldm9kaWEuY29tL2VudHJldGVuaW1pZW50by90ZWxldmlzaW9uL25vdGFzL3Jhc2hlbC1kaWF6LXJlZ3Jlc28tYS1sYS10ZWxldmlzaW9uL9IBZGh0dHBzOi8vd3d3LmVsbnVldm9kaWEuY29tL2VudHJldGVuaW1pZW50by90ZWxldmlzaW9uL25vdGFzL3Jhc2hlbC1kaWF6LXJlZ3Jlc28tYS1sYS10ZWxldmlzaW9uL2FtcC8?oc=5	El Nuevo Día	2021-08-17	Rashel Díaz regresó a la televisión
Cerrado en plena pandemia el Hospital Psiquiátrico de Niños y Adolescentes de Bayamón - NotiCel	https://news.google.com/__i/rss/rd/articles/CBMiiQFodHRwczovL3d3dy5ub3RpY2VsLmNvbS9sZWdpc2xhdHVyYS9haG9yYS8yMDIxMDgxNy9jZXJyYWRvLWVuLXBsZW5hLXBhbmRlbWlhLWVsLWhvc3BpdGFsLXBzaXF1aWF0cmljby1kZS1uaW5vcy15LWFkb2xlc2NlbnRlcy1kZS1iYXlhbW9uL9IBAA?oc=5	NotiCel	2021-08-17	Cerrado en plena pandemia el Hospital Psiquiátrico de Niños y Adolescentes de Bayamón
Tony Mojena revela sus prioridades | Espectáculos | elvocero.com - El Vocero de Puerto Rico	https://news.google.com/__i/rss/rd/articles/CBMihAFodHRwczovL3d3dy5lbHZvY2Vyby5jb20vZXNjZW5hcmlvL2VzcGVjdGFjdWxvcy90b255LW1vamVuYS1yZXZlbGEtc3VzLXByaW9yaWRhZGVzL2FydGljbGVfYzM3ZTA4YjgtZmVkZS0xMWViLTk2ZDQtYmJmODVhMWU0YThlLmh0bWzSAQA?oc=5	El Vocero de Puerto Rico	2021-08-17	Tony Mojena revela sus prioridadesEspectáculoselvocero.com
¡Qué romántica! Cristina Hurtado sorprendió a Josse Narváez en su aniversario #18 - El Espectador	https://news.google.com/__i/rss/rd/articles/CBMihQFodHRwczovL3d3dy5lbGVzcGVjdGFkb3IuY29tL3JldmlzdGEtdmVhL2NlbGVicmlkYWRlcy9tdXktcm9tYW50aWNhLWNyaXN0aW5hLWh1cnRhZG8tc29ycHJlbmRpby1hLWpvc3NlLW5hcnZhZXotZW4tc3UtYW5pdmVyc2FyaW8tMTgv0gGUAWh0dHBzOi8vd3d3LmVsZXNwZWN0YWRvci5jb20vcmV2aXN0YS12ZWEvY2VsZWJyaWRhZGVzL211eS1yb21hbnRpY2EtY3Jpc3RpbmEtaHVydGFkby1zb3JwcmVuZGlvLWEtam9zc2UtbmFydmFlei1lbi1zdS1hbml2ZXJzYXJpby0xOC8_b3V0cHV0VHlwZT1hbXA?oc=5	El Espectador	2021-08-17	¡Qué romántica! Cristina Hurtado sorprendió a Josse Narváez en su aniversario #18
Imágenes: el Talibán toma el control de Afganistán - El Nuevo Dia.com	https://news.google.com/__i/rss/rd/articles/CBMiaWh0dHBzOi8vd3d3LmVsbnVldm9kaWEuY29tL25vdGljaWFzL211bmRvL2ZvdG9nYWxlcmlhcy9pbWFnZW5lcy1lbC10YWxpYmFuLXRvbWEtZWwtY29udHJvbC1kZS1hZmdhbmlzdGFuL9IBAA?oc=5	El Nuevo Dia.com	2021-08-17	Imágenes: el Talibán toma el control de Afganistán
EN VIVO: Más chavos pa'l PAN – NotiCel – La verdad como es – Noticias de Puerto Rico - NotiCel	https://news.google.com/__i/rss/rd/articles/CBMiQmh0dHBzOi8vd3d3Lm5vdGljZWwuY29tL2Fob3JhLzIwMjEwODE3L2VuLXZpdm8tbWFzLWNoYXZvcy1wYWwtcGFuL9IBAA?oc=5	NotiCel	2021-08-17	EN VIVO: Más chavos pa'l PAN –  – La verdad como es – Noticias de Puerto Rico
Pierluisi explica cómo será la educación con perspectiva de género que impulsa - Primera Hora	https://news.google.com/__i/rss/rd/articles/CBMijAFodHRwczovL3d3dy5wcmltZXJhaG9yYS5jb20vbm90aWNpYXMvZ29iaWVybm8tcG9saXRpY2Evbm90YXMvcGllcmx1aXNpLWV4cGxpY2EtY29tby1zZXJhLWxhLWVkdWNhY2lvbi1jb24tcGVyc3BlY3RpdmEtZGUtZ2VuZXJvLXF1ZS1pbXB1bHNhL9IBAA?oc=5	Primera Hora	2021-08-17	Pierluisi explica cómo será la educación con perspectiva de género que impulsa
Marte advierte que no puede enseñar “vergüenza deportiva” a las Reinas del Caribe - Diario Libre	https://news.google.com/__i/rss/rd/articles/CBMidGh0dHBzOi8vd3d3LmRpYXJpb2xpYnJlLmNvbS9kZXBvcnRlcy9tYXJ0ZS1hZHZpZXJ0ZS1xdWUtbm8tcHVlZGUtZW5zZW5hci12ZXJndWVuemEtZGVwb3J0aXZhLWEtbGFzLXJlaW5hcy1LSTI4MjA3MTU50gF6aHR0cHM6Ly93d3cuZGlhcmlvbGlicmUuY29tL2RlcG9ydGVzL21hcnRlLWFkdmllcnRlLXF1ZS1uby1wdWVkZS1lbnNlbmFyLXZlcmd1ZW56YS1kZXBvcnRpdmEtYS1sYXMtcmVpbmFzLUtJMjgyMDcxNTk_YW1wPTE?oc=5	Diario Libre	2021-08-17	Marte advierte que no puede enseñar “vergüenza deportiva” a las Reinas del Caribe
Pierluisi ante el regreso a clases: “La inmensa mayoría de esos planteles van a estar en condiciones” - Primera Hora	https://news.google.com/__i/rss/rd/articles/CBMioAFodHRwczovL3d3dy5wcmltZXJhaG9yYS5jb20vbm90aWNpYXMvZ29iaWVybm8tcG9saXRpY2Evbm90YXMvcGllcmx1aXNpLWFudGUtZWwtcmVncmVzby1hLWNsYXNlcy1sYS1pbm1lbnNhLW1heW9yaWEtZGUtZXNvcy1wbGFudGVsZXMtdmFuLWEtZXN0YXItZW4tY29uZGljaW9uZXMv0gEA?oc=5	Primera Hora	2021-08-17	Pierluisi ante el regreso a clases: “La inmensa mayoría de esos planteles van a estar en condiciones”
