title	link	date	title_corrected
Entomólogo explica migración masiva de mariposas en playa de Aguadilla - Diario Metro de Puerto Rico	https://www.metro.pr/pr/noticias/2016/06/01/entomologo-explica-migracion-masiva-mariposas-playa-aguadilla.html	2016-06-01	Entomólogo explica migración masiva de mariposas en playa de Aguadilla
Richard Gere presenta su nueva película a refugiados en Roma - El Nuevo Dia.com	https://www.elnuevodia.com/entretenimiento/peliculas-series/notas/richard-gere-presenta-su-nueva-pelicula-a-refugiados-en-roma/	2016-06-09	Richard Gere presenta su nueva película a refugiados en Roma
Rescatan 14 inmigrantes cubanos varados en la Isla de Monito - Diario Metro de Puerto Rico	https://www.metro.pr/pr/noticias/2016/10/26/rescatan-14-inmigrantes-cubanos-varados-isla-monito.html	2016-10-26	Rescatan 14 inmigrantes cubanos varados en la Isla de Monito
51 migrantes cubanos llegan a cayos de Florida - Diario Metro de Puerto Rico	https://www.metro.pr/pr/mundo/2016/12/18/51-migrantes-cubanos-llegan-a-cayos-de-florida.html	2016-12-18	51 migrantes cubanos llegan a cayos de Florida
La migración en Puerto Rico alcanza récord histórico - Primera Hora	https://www.primerahora.com/noticias/puerto-rico/notas/la-migracion-en-puerto-rico-alcanza-record-historico/	2017-02-05	La migración en Puerto Rico alcanza récord histórico
Federales interceptan yola con 34 migrantes indocumentados - La Perla del Sur	https://www.periodicolaperla.com/federales-interceptan-yola-34-migrantes-indocumentados/	2017-03-17	Federales interceptan yola con 34 migrantes indocumentados
​Captan a inmigrantes desembarcando en playa llena de turistas - Diario Metro de Puerto Rico	https://www.metro.pr/pr/noticias/2017/08/10/captan-inmigrantes-desembarcando-playa-llena-turistas.html	2017-08-10	​Captan a inmigrantes desembarcando en playa llena de turistas
EE.UU. suspende emisión de visas a no migrantes en Rusia - metro.pr	https://www.metro.pr/pr/noticias/2017/08/21/ee-uu-suspende-emision-visas-no-migrantes-rusia.html	2017-08-21	EE.UU. suspende emisión de visas a no migrantes en Rusia
Llueven las críticas a Joel Osteen porque no abrió su iglesia para refugiados - Diario Metro de Puerto Rico	https://www.metro.pr/pr/noticias/2017/08/29/llueven-las-criticas-joel-osteen-no-abrio-iglesia-refugiados.html	2017-08-29	Llueven las críticas a Joel Osteen porque no abrió su iglesia para refugiados
IRMA: Sobre un centenar de personas se refugian en el Sureste - La Perla del Sur	https://www.periodicolaperla.com/irma-centenar-personas-se-refugian-sureste/	2017-09-06	IRMA: Sobre un centenar de personas se refugian en el Sureste
Aumenta el número de refugiados y daños por el paso de Irma - Diario Metro de Puerto Rico	https://www.metro.pr/pr/noticias/2017/09/06/danos-victimas-irma-puerto-rico.html	2017-09-06	Aumenta el número de refugiados y daños por el paso de Irma
El Brexit terminará con la inmigración de comunitarios al Reino Unido - Diario Metro de Puerto Rico	https://www.metro.pr/pr/noticias/2017/09/06/brexit-terminara-inmigracion-comunitarios-reino-unido.html	2017-09-06	El Brexit terminará con la inmigración de comunitarios al Reino Unido
Los desastres naturales son el promotor de la migración en América - El Nuevo Dia.com	https://www.elnuevodia.com/noticias/mundo/notas/los-desastres-naturales-son-el-promotor-de-la-migracion-en-america/	2017-09-13	Los desastres naturales son el promotor de la migración en América
ASSMCA continúa brindando apoyo emocional a caribeños refugiados - La Perla del Sur	https://www.periodicolaperla.com/assmca-continua-brindando-apoyo-emocional-caribenos-refugiados/	2017-09-17	ASSMCA continúa brindando apoyo emocional a caribeños refugiados
Sin camas para los refugiados en Ponce - La Perla del Sur	https://www.periodicolaperla.com/sin-camas-para-los-refugiados-en-ponce/	2017-09-18	Sin camas para los refugiados en Ponce
Pocos refugiados en Canóvanas a pesar de ser un pueblo inundable - El Nuevo Dia.com	https://www.elnuevodia.com/noticias/locales/notas/pocos-refugiados-en-canovanas-a-pesar-de-ser-un-pueblo-inundable/	2017-09-19	Pocos refugiados en Canóvanas a pesar de ser un pueblo inundable
Adjuntas denuncia escasez de catres para refugiados - Diario Metro de Puerto Rico	https://www.metro.pr/pr/noticias/2017/09/19/adjuntas-denuncia-escasez-catres-refugiados.html	2017-09-19	Adjuntas denuncia escasez de catres para refugiados
El Humacao Arena da un aire de seguridad a refugiados - Primera Hora	https://www.primerahora.com/noticias/puerto-rico/notas/el-humacao-arena-da-un-aire-de-seguridad-a-refugiados/	2017-09-20	El Humacao Arena da un aire de seguridad a refugiados
El Humacao Arena da un aire de seguridad a refugiados - El Nuevo Dia.com	https://www.elnuevodia.com/noticias/locales/nota/elhumacaoarenadaunairedeseguridadarefugiados-2359131/	2017-09-20	El Humacao Arena da un aire de seguridad a refugiados
Se expresan refugiados del Coliseo Roberto Clemente - El Vocero de Puerto Rico	https://www.elvocero.com/actualidad/se-expresan-refugiados-del-coliseo-roberto-clemente/article_70fc7dbc-9dfe-11e7-992d-3f50babf6e1c.html	2017-09-20	Se expresan refugiados del Coliseo Roberto Clemente
Aumentan los refugiados por el huracán María - Primera Hora	https://www.primerahora.com/noticias/puerto-rico/notas/aumentan-los-refugiados-por-el-huracan-maria/	2017-09-22	Aumentan los refugiados por el huracán María
Cientos permanecen refugiados en el Coliseo Pedrín Zorrilla - Primera Hora	https://www.primerahora.com/noticias/puerto-rico/notas/cientos-permanecen-refugiados-en-el-coliseo-pedrin-zorrilla/	2017-09-26	Cientos permanecen refugiados en el Coliseo Pedrín Zorrilla
Melania Trump envía regalo para refugiados en la Isla - El Vocero de Puerto Rico	https://www.elvocero.com/gobierno/melania-trump-env-a-regalo-para-refugiados-en-la-isla/article_84423c2a-b1bf-11e7-a466-b386a76e4623.html	2017-10-15	Melania Trump envía regalo para refugiados en la Isla
"Residente presenta ""Guerra"", un documental sobre refugiados en el mundo - El Nuevo Dia.com"	https://www.elnuevodia.com/entretenimiento/cultura/notas/residente-presenta-guerra-un-documental-sobre-refugiados-en-el-mundo/	2017-10-26	"Residente presenta ""Guerra"", un documental sobre refugiados en el mundo"
AMPR se une a reclamo de padres y refugiados en escuela de Corozal - Diario Metro de Puerto Rico	https://www.metro.pr/pr/noticias/2017/11/10/ampr-se-une-reclamo-padres-refugiados-escuela-corozal.html	2017-11-10	AMPR se une a reclamo de padres y refugiados en escuela de Corozal
"La gran incógnita sobre la situación legal en Estados Unidos de los padres de Melania Trump: ¿son un caso de la ""migración en cadena"" que quiere prohibir Donald Trump? - Diario Metro de Puerto Rico"	https://www.metro.pr/pr/bbc-mundo/2018/02/22/la-gran-incognita-sobre-la-situacion-legal-en-estados-unidos-de-los-padres-de-melania-trump-son-un-caso-de-la-migracion-en-cadena-que-quiere-prohibir-donald-trump.html	2018-02-22	"La gran incógnita sobre la situación legal en Estados Unidos de los padres de Melania Trump: ¿son un caso de la ""migración en cadena"" que quiere prohibir Donald Trump?"
Contra la pared los refugiados en hoteles - El Vocero de Puerto Rico	https://www.elvocero.com/actualidad/contra-la-pared-los-refugiados-en-hoteles/article_0ed5a046-1e82-11e8-8ca1-eb3f07aec14a.html	2018-03-03	Contra la pared los refugiados en hoteles
A dónde se dirige y qué busca la gran caravana de migrantes que puso en alerta al presidente Donald Trump - Diario Metro de Puerto Rico	https://www.metro.pr/pr/bbc-mundo/2018/04/01/a-donde-se-dirige-y-que-busca-la-gran-caravana-de-migrantes-que-puso-en-alerta-a-donald-trump.html	2018-04-01	A dónde se dirige y qué busca la gran caravana de migrantes que puso en alerta al presidente Donald Trump
La caravana de refugiados de Centroamérica llega a la frontera entre México y Estados Unidos en busca de asilo - Diario Metro de Puerto Rico	https://www.metro.pr/pr/bbc-mundo/2018/04/29/la-caravana-de-refugiados-de-centroamerica-llega-a-la-frontera-entre-mexico-y-estados-unidos-en-busca-de-asilo.html	2018-04-29	La caravana de refugiados de Centroamérica llega a la frontera entre México y Estados Unidos en busca de asilo
8 integrantes de la caravana de refugiados cruzan la frontera para pedir asilo en Estados Unidos - Diario Metro de Puerto Rico	https://www.metro.pr/pr/bbc-mundo/2018/05/01/8-integrantes-de-la-caravana-de-refugiados-cruzan-la-frontera-para-pedir-asilo-en-estados-unidos.html	2018-05-01	8 integrantes de la caravana de refugiados cruzan la frontera para pedir asilo en Estados Unidos
La sorprendente historia de cómo una novela romántica fue el origen de la migración de japoneses a Colombia - Diario Metro de Puerto Rico	https://www.metro.pr/pr/bbc-mundo/2018/05/09/la-sorprendente-historia-de-como-una-novela-romantica-fue-el-origen-de-la-migracion-de-japoneses-a-colombia.html	2018-05-09	La sorprendente historia de cómo una novela romántica fue el origen de la migración de japoneses a Colombia
EEUU llena centros de detención con migrantes - El Vocero de Puerto Rico	https://www.elvocero.com/el-mundo/eeuu-llena-centros-de-detenci-n-con-migrantes/article_7b921bec-6aef-11e8-9cb7-930bd17051e6.html	2018-06-08	EEUU llena centros de detención con migrantes
Antes de María, la emigración alcanzaba niveles históricos - Primera Hora	https://www.primerahora.com/noticias/puerto-rico/nota/antesdemarialaemigracionalcanzabaniveleshistoricos-1288577/	2018-06-20	Antes de María, la emigración alcanzaba niveles históricos
Establecen nuevo récord de migración en Puerto Rico | Metro - Diario Metro de Puerto Rico	https://www.metro.pr/pr/noticias/2018/06/20/nuevo-record-migracion-puerto-rico.html	2018-06-20	Establecen nuevo récord de migración en Puerto RicoMetro
"""Es como si a usted le metieran un cuchillo en el pecho"": Beata Mejía Mejía, la madre migrante que demandó a Estados Unidos tras haber sido separada de su hijo en la frontera - Diario Metro de Puerto Rico"	https://www.metro.pr/pr/bbc-mundo/2018/06/21/es-como-si-a-usted-le-metieran-un-cuchillo-en-el-pecho-beata-mejia-mejia-la-madre-migrante-que-demando-a-estados-unidos-tras-haber-sido-separada-de-su-hijo-en-la-frontera.html	2018-06-21	"""Es como si a usted le metieran un cuchillo en el pecho"": Beata Mejía Mejía, la madre migrante que demandó a Estados Unidos tras haber sido separada de su hijo en la frontera"
La reunificación de familias migrantes podría tomar meses - El Nuevo Dia.com	https://www.elnuevodia.com/noticias/estados-unidos/notas/la-reunificacion-de-familias-migrantes-podria-tomar-meses/	2018-06-26	La reunificación de familias migrantes podría tomar meses
EE.UU. reúne a más de 300 niños migrantes con sus familias - Diario Metro de Puerto Rico	https://www.metro.pr/pr/noticias/2018/07/19/ee-uu-reune-mas-300-ninos-migrantes-familias.html	2018-07-19	EE.UU. reúne a más de 300 niños migrantes con sus familias
Investigan con cadáveres de cerdos la cifra de inmigrantes que mueren en el desierto de Arizona - La Perla del Sur	https://www.periodicolaperla.com/investigan-con-cadaveres-de-cerdos-la-cifra-de-inmigrantes-que-mueren-en-el-desierto-de-arizona/	2018-07-27	Investigan con cadáveres de cerdos la cifra de inmigrantes que mueren en el desierto de Arizona
La crisis de migrantes de Venezuela - El Vocero de Puerto Rico	https://www.elvocero.com/el-mundo/la-crisis-de-migrantes-de-venezuela/article_b0bd7cd8-b164-11e8-abbd-7b20aab3a1b0.html	2018-09-05	La crisis de migrantes de Venezuela
Cómo el gobierno de Trump está limitando también la inmigración legal a Estados Unidos - Diario Metro de Puerto Rico	https://www.metro.pr/pr/bbc-mundo/2018/09/11/como-el-gobierno-de-trump-esta-limitando-tambien-la-inmigracion-legal-a-estados-unidos.html	2018-09-11	Cómo el gobierno de Trump está limitando también la inmigración legal a Estados Unidos
Massachusetts: destacan papel de inmigrantes en economía - El Vocero de Puerto Rico	https://www.elvocero.com/el-mundo/massachusetts-destacan-papel-de-inmigrantes-en-econom-a/article_963bfba2-c4d1-11e8-b988-ab119ea2428a.html	2018-09-30	Massachusetts: destacan papel de inmigrantes en economía
Caravana de migrantes: AMLO anuncia un inédito programa de visas de trabajo en México para tratar de contener la migración centroamericana a EE.UU. - Diario Metro de Puerto Rico	https://www.metro.pr/pr/bbc-mundo/2018/10/17/caravana-de-migrantes-amlo-anuncia-un-inedito-programa-de-visas-de-trabajo-en-mexico-para-tratar-de-contener-la-migracion-centroamericana-a-ee-uu.html	2018-10-17	Caravana de migrantes: AMLO anuncia un inédito programa de visas de trabajo en México para tratar de contener la migración centroamericana a EE.UU.
UNICEF exige protección de niños migrantes | Metro - Diario Metro de Puerto Rico	https://www.metro.pr/pr/noticias/2018/10/21/unicef-exige-proteccion-de-ninos-migrantes.html	2018-10-21	UNICEF exige protección de niños migrantesMetro
Caravana de migrantes: Bartolo Fuentes, el hombre que Honduras señala como el promotor de la gran marcha a Estados Unidos - Diario Metro de Puerto Rico	https://www.metro.pr/pr/bbc-mundo/2018/10/25/caravana-de-migrantes-bartolo-fuentes-el-hombre-que-honduras-senala-como-el-promotor-de-la-gran-marcha-a-estados-unidos.html	2018-10-25	Caravana de migrantes: Bartolo Fuentes, el hombre que Honduras señala como el promotor de la gran marcha a Estados Unidos
Cientos de migrantes cruzan el río Suchiate entre México y Guatemala - Diario Metro de Puerto Rico	https://www.metro.pr/pr/noticias/2018/10/31/cientos-migrantes-cruzan-rio-suchiate-mexico-guatemala.html	2018-10-31	Cientos de migrantes cruzan el río Suchiate entre México y Guatemala
“No somos asesinos” aseguran los migrantes en caravana - primerahora.com	https://www.primerahora.com/noticias/mundo/nota/nosomosasesinosaseguranlosmigrantesencaravana-1310309/	2018-11-03	“No somos asesinos” aseguran los migrantes en caravana
"Los primeros migrantes de la caravana llegan a la Ciudad de México, un punto ""crucial"" en su viaje - Diario Metro de Puerto Rico"	https://www.metro.pr/pr/bbc-mundo/2018/11/04/los-primeros-migrantes-de-la-caravana-llegan-a-la-ciudad-de-mexico-un-punto-crucial-en-su-viaje.html	2018-11-04	"Los primeros migrantes de la caravana llegan a la Ciudad de México, un punto ""crucial"" en su viaje"
Los pies lastimados, gran desafío para migrantes en México - Diario Metro de Puerto Rico	https://www.metro.pr/pr/noticias/2018/11/05/los-pies-lastimados-gran-desafio-para-migrantes-en-mexico.html	2018-11-05	Los pies lastimados, gran desafío para migrantes en México
Buscan dos camiones desaparecidos con decenas de migrantes en México - Primera Hora	https://www.primerahora.com/noticias/mundo/nota/buscandoscamionesdesaparecidoscondecenasdemigrantesenmexico-1310740/	2018-11-06	Buscan dos camiones desaparecidos con decenas de migrantes en México
La caravana de migrantes decidirá este viernes si sigue o no la travesía a EE.UU. - El Nuevo Dia.com	https://www.elnuevodia.com/noticias/mundo/notas/la-caravana-de-migrantes-decidira-este-viernes-si-sigue-o-no-la-travesia-a-eeuu/	2018-11-07	La caravana de migrantes decidirá este viernes si sigue o no la travesía a EE.UU.
Trump firma orden que restringe asilo a los migrantes - Diario Metro de Puerto Rico	https://www.metro.pr/pr/noticias/2018/11/09/trump-firma-orden-restringe-asilo-los-migrantes.html	2018-11-09	Trump firma orden que restringe asilo a los migrantes
Misses venezolanas emigran para buscar fama en el extranjero - El Vocero de Puerto Rico	https://www.elvocero.com/el-mundo/misses-venezolanas-emigran-para-buscar-fama-en-el-extranjero/article_e4629754-e7f5-11e8-bd40-478a3725c83a.html	2018-11-14	Misses venezolanas emigran para buscar fama en el extranjero
"Trump denuncia ""gran estafa"" de caravana de migrantes | El Mundo | elvocero.com - El Vocero de Puerto Rico"	https://www.elvocero.com/el-mundo/trump-denuncia-gran-estafa-de-caravana-de-migrantes/article_7c4673aa-ea04-11e8-b5da-d3c4abdc5f12.html	2018-11-16	"Trump denuncia ""gran estafa"" de caravana de migrantesEl Mundoelvocero.com"
Los habitantes de Tijuana protestan contra el campamento de migrantes - El Nuevo Dia.com	https://www.elnuevodia.com/noticias/mundo/nota/loshabitantesdetijuanaprotestancontraelcampamentodemigrantes-2460528/	2018-11-18	Los habitantes de Tijuana protestan contra el campamento de migrantes
Protestas pro y contra caravana migrante en frontera México-EEUU - El Nuevo Dia.com	https://www.elnuevodia.com/noticias/mundo/videos/protestas-pro-y-contra-caravana-migrante-en-frontera-mexico-eeuu-250881/	2018-11-18	Protestas pro y contra caravana migrante en frontera México-EEUU
Trump ordena a militares usar fuerza letal contra caravana de inmigrantes - Primera Hora	https://www.primerahora.com/noticias/estados-unidos/notas/trump-ordena-a-militares-usar-fuerza-letal-contra-caravana-de-inmigrantes/	2018-11-22	Trump ordena a militares usar fuerza letal contra caravana de inmigrantes
"Caravana de migrantes en Tijuana: ""Salí de Honduras porque mataron a mi pareja por homofobia"", la violencia que persigue a las transexuales de Centroamérica - Diario Metro de Puerto Rico"	https://www.metro.pr/pr/bbc-mundo/2018/11/23/caravana-de-migrantes-en-tijuana-sali-de-honduras-porque-mataron-a-mi-pareja-por-homofobia-la-violencia-que-persigue-a-las-transexuales-de-centroamerica.html	2018-11-23	"Caravana de migrantes en Tijuana: ""Salí de Honduras porque mataron a mi pareja por homofobia"", la violencia que persigue a las transexuales de Centroamérica"
Tijuana cierra albergue para migrantes cerca de la frontera - El Vocero de Puerto Rico	https://www.elvocero.com/el-mundo/tijuana-cierra-albergue-para-migrantes-cerca-de-la-frontera/article_a675ca9c-f5ec-11e8-b6d6-e334c3f10680.html	2018-12-02	Tijuana cierra albergue para migrantes cerca de la frontera
México regulará la entrada de migrantes por su frontera sur - El Nuevo Dia.com	https://www.elnuevodia.com/noticias/estados-unidos/notas/mexico-regulara-la-entrada-de-migrantes-por-su-frontera-sur/	2018-12-12	México regulará la entrada de migrantes por su frontera sur
El presidente mexicano habla con Trump sobre migración y empleo - El Nuevo Dia.com	https://www.elnuevodia.com/noticias/mundo/notas/el-presidente-mexicano-habla-con-trump-sobre-migracion-y-empleo/	2018-12-13	El presidente mexicano habla con Trump sobre migración y empleo
Aumentan en 44% los arrestos de inmigrantes - Primera Hora	https://www.primerahora.com/noticias/estados-unidos/notas/aumentan-en-44-los-arrestos-de-inmigrantes/amp/	2018-12-17	Aumentan en 44% los arrestos de inmigrantes
Documental presenta la violencia que experimentan las mujeres inmigrantes - Primera Hora	https://www.primerahora.com/entretenimiento/cine-tv/notas/documental-presenta-la-violencia-que-experimentan-las-mujeres-inmigrantes/	2019-02-12	Documental presenta la violencia que experimentan las mujeres inmigrantes
Debaten sobre impacto económico de la migración - El Vocero de Puerto Rico	https://www.elvocero.com/economia/debaten-sobre-impacto-econ-mico-de-la-migraci-n/article_d283594a-36ee-11e9-bd6b-e3f127b3939c.html	2019-02-23	Debaten sobre impacto económico de la migración
Mueren 25 migrantes al volcarse camión en México - Primera Hora	https://www.primerahora.com/noticias/mundo/notas/mueren-25-migrantes-al-volcarse-camion-en-mexico/	2019-03-08	Mueren 25 migrantes al volcarse camión en México
La violencia de género persigue y aísla a inmigrantes en Puerto Rico - Diario Metro de Puerto Rico	https://www.metro.pr/pr/noticias/2019/03/11/la-violencia-de-genero-persigue-y-aisla-a-inmigrantes-en-puerto-rico.html	2019-03-11	La violencia de género persigue y aísla a inmigrantes en Puerto Rico
Italia niega entrada a migrantes rescatados frente a Libia - Diario Metro de Puerto Rico	https://www.metro.pr/pr/noticias/2019/04/03/italia-niega-entrada-a-migrantes-rescatados-frente-a-libia.html	2019-04-03	Italia niega entrada a migrantes rescatados frente a Libia
Cuando la emigración traiciona a la economía - El Vocero de Puerto Rico	https://www.elvocero.com/economia/cuando-la-emigraci-n-traiciona-a-la-econom-a/article_963324cc-56ea-11e9-b015-afab8f889588.html	2019-04-04	Cuando la emigración traiciona a la economía
Miles de migrantes centroamericanos avanzan por el sureste de México - Primera Hora	https://www.primerahora.com/noticias/mundo/nota/milesdemigrantescentroamericanosavanzanporelsurestedemexico-1337353/	2019-04-15	Miles de migrantes centroamericanos avanzan por el sureste de México
Cientos de detenidos tras redada policial en una caravana de migrantes - Diario Metro de Puerto Rico	https://www.metro.pr/pr/noticias/2019/04/23/cientos-detenidos-tras-redada-policial-una-caravana-migrantes.html	2019-04-23	Cientos de detenidos tras redada policial en una caravana de migrantes
Trump no autoriza transporte aéreo de migrantes a Florida - Diario Metro de Puerto Rico	https://www.metro.pr/pr/noticias/2019/05/19/trump-no-autoriza-transporte-aereo-de-migrantes-a-florida.html	2019-05-19	Trump no autoriza transporte aéreo de migrantes a Florida
Renuncia el jefe de migración de Estados Unidos - Primera Hora	https://www.primerahora.com/noticias/estados-unidos/nota/renunciaeljefedemigraciondeestadosunidos-1344889/	2019-05-28	Renuncia el jefe de migración de Estados Unidos
Mueren dos migrantes salvadoreños bajo la custodia de las autoridades - Primera Hora	https://www.primerahora.com/noticias/estados-unidos/nota/muerendosmigrantessalvadorenosbajolacustodiadelasautoridades-1345813/	2019-06-03	Mueren dos migrantes salvadoreños bajo la custodia de las autoridades
EEUU: Revelan condiciones precarias en centros de migrantes - Diario Metro de Puerto Rico	https://www.metro.pr/pr/noticias/2019/06/06/eeuu-revelan-condiciones-precarias-centros-migrantes.html	2019-06-06	EEUU: Revelan condiciones precarias en centros de migrantes
California dará servicios de salud a algunos migrantes - Diario Metro de Puerto Rico	https://www.metro.pr/pr/noticias/2019/06/09/california-dara-servicios-salud-migrantes.html	2019-06-09	California dará servicios de salud a algunos migrantes
Estudio revela migración de un 12% de los estadounidenses en la Isla - Diario Metro de Puerto Rico	https://www.metro.pr/pr/noticias/2019/06/10/estudio-revela-migracion-de-un-12-de-los-estadounidenses-en-la-isla.html	2019-06-10	Estudio revela migración de un 12% de los estadounidenses en la Isla
Regresan a El Salvador los dos cuerpos de migrantes que murieron en el Río Bravo - El Nuevo Dia.com	https://www.elnuevodia.com/noticias/mundo/notas/regresan-a-el-salvador-los-dos-cuerpos-de-migrantes-que-murieron-en-el-rio-bravo/	2019-06-30	Regresan a El Salvador los dos cuerpos de migrantes que murieron en el Río Bravo
Estados Unidos iniciará operativo antiinmigrantes este fin de semana - Diario Metro de Puerto Rico	https://www.metro.pr/pr/noticias/2019/07/11/estados-unidos-iniciara-operativo-antiinmigrantes-este-fin-semana.html	2019-07-11	Estados Unidos iniciará operativo antiinmigrantes este fin de semana
Baja la cifra de migrantes que cruzan la frontera en el sur de Estados Unidos - El Nuevo Dia.com	https://www.elnuevodia.com/noticias/eeuu/nota/bajalacifrademigrantesquecruzanlafronteraenelsurdeestadosunidos-2510677/	2019-08-08	Baja la cifra de migrantes que cruzan la frontera en el sur de Estados Unidos
Guardia Costera en Puerto Rico interviene con inmigrantes - La Perla del Sur	https://www.periodicolaperla.com/guardia-costera-en-puerto-rico-interviene-con-inmigrantes/	2019-08-16	Guardia Costera en Puerto Rico interviene con inmigrantes
Varios refugiados en Río Grande - Primera Hora	https://www.primerahora.com/noticias/puerto-rico/notas/varios-refugiados-en-rio-grande/	2019-08-28	Varios refugiados en Río Grande
Sin reportarse ningún refugiado en Fajardo - Primera Hora	https://www.primerahora.com/noticias/puerto-rico/notas/sin-reportarse-ningun-refugiado-en-fajardo/	2019-09-24	Sin reportarse ningún refugiado en Fajardo
Dramática baja en la población de Puerto Rico por migración tras huracán - Primera Hora	https://www.primerahora.com/noticias/puerto-rico/notas/dramatica-baja-en-la-poblacion-de-puerto-rico-por-migracion-tras-huracan/	2019-10-04	Dramática baja en la población de Puerto Rico por migración tras huracán
Legislador critica a Trump por redadas de migrantes - El Vocero de Puerto Rico	https://www.elvocero.com/el-mundo/legislador-critica-a-trump-por-redadas-de-migrantes/article_3503b7fa-01a0-11ea-96f7-37f69b0e63cf.html	2019-11-07	Legislador critica a Trump por redadas de migrantes
Representan a la Sagrada Familia como refugiados en jaulas - Diario Metro de Puerto Rico	https://www.metro.pr/pr/noticias/2019/12/11/representan-la-sagrada-familia-refugiados-jaulas.html	2019-12-11	Representan a la Sagrada Familia como refugiados en jaulas
NY promulga ley de licencias de conducir a migrantes - Diario Metro de Puerto Rico	https://www.metro.pr/pr/noticias/2019/12/12/ny-promulga-ley-licencias-conducir-migrantes.html	2019-12-12	NY promulga ley de licencias de conducir a migrantes
20 refugiados por los temblores en el sur - Diario Metro de Puerto Rico	https://www.metro.pr/pr/noticias/2020/01/06/20-refugiados-por-los-temblores-en-el-sur.html	2020-01-06	20 refugiados por los temblores en el sur
Familia viaja desde Chicago para un entierro y ahora son refugiados por los terremotos - Primera Hora	https://www.primerahora.com/noticias/puerto-rico/notas/familia-viaja-desde-chicago-para-un-entierro-y-ahora-son-refugiados-por-los-terremotos/	2020-01-09	Familia viaja desde Chicago para un entierro y ahora son refugiados por los terremotos
150 casas afectadas y 500 refugiados en Lajas: alcalde suspende Fiestas Patronales - Primera Hora	https://www.primerahora.com/noticias/puerto-rico/notas/150-casas-afectadas-y-500-refugiados-en-lajas-alcalde-suspende-fiestas-patronales/	2020-01-11	150 casas afectadas y 500 refugiados en Lajas: alcalde suspende Fiestas Patronales
Guayanilla y Peñuelas se preparan para recibir más refugiados - El Nuevo Dia.com	https://www.elnuevodia.com/noticias/locales/notas/guayanilla-y-penuelas-se-preparan-para-recibir-mas-refugiados/	2020-01-11	Guayanilla y Peñuelas se preparan para recibir más refugiados
Angustia en los refugiados de Peñuelas tras los eventos recientes - Primera Hora	https://www.primerahora.com/noticias/puerto-rico/notas/angustia-en-los-refugiados-de-penuelas-tras-los-eventos-recientes/	2020-01-11	Angustia en los refugiados de Peñuelas tras los eventos recientes
Aumentan los refugiados por los terremotos y se degrada la economía - Primera Hora	https://www.primerahora.com/noticias/puerto-rico/notas/aumentan-los-refugiados-por-los-terremotos-y-se-degrada-la-economia/	2020-01-12	Aumentan los refugiados por los terremotos y se degrada la economía
Descartan traslado de refugiados a otros municipios - Diario Metro de Puerto Rico	https://www.metro.pr/pr/noticias/2020/01/12/descartan-traslado-refugiados-otros-municipios.html	2020-01-12	Descartan traslado de refugiados a otros municipios
Abren coliseos Rubén Rodríguez y Juan Ramón Loubriel en Bayamón para refugiados del sur - Primera Hora	https://www.primerahora.com/noticias/puerto-rico/notas/abren-coliseos-ruben-rodriguez-y-juan-ramon-loubriel-en-bayamon-para-refugiados-del-sur/	2020-01-13	Abren coliseos Rubén Rodríguez y Juan Ramón Loubriel en Bayamón para refugiados del sur
Maricao tiene cerca de 200 personas refugiadas - Primera Hora	https://www.primerahora.com/noticias/puerto-rico/notas/maricao-tiene-cerca-de-200-personas-refugiadas/	2020-01-14	Maricao tiene cerca de 200 personas refugiadas
Aumentan drásticamente número de refugiados de un día para otro - Diario Metro de Puerto Rico	https://www.metro.pr/pr/noticias/2020/01/14/aumentan-drasticamente-numero-de-refugiados-de-un-dia-para-otro.html	2020-01-14	Aumentan drásticamente número de refugiados de un día para otro
Costa Bahía Hotel ofrecerá servicios de lavandería a refugiados del sur - El Nuevo Dia.com	https://www.elnuevodia.com/negocios/empresas-comercios/notas/costa-bahia-hotel-ofrecera-servicios-de-lavanderia-a-refugiados-del-sur/	2020-01-16	Costa Bahía Hotel ofrecerá servicios de lavandería a refugiados del sur
Menor sufre herida por ataque de Pit bull en campamento de refugiados - Diario Metro de Puerto Rico	https://www.metro.pr/pr/noticias/2020/01/17/menor-sufre-herida-por-ataque-de-pitbull-en-campamento-de-refugiados.html	2020-01-17	Menor sufre herida por ataque de Pit bull en campamento de refugiados
La Guardia Nacional habilita el Complejo Ferial de Ponce para trasladar refugiados - El Nuevo Dia.com	https://www.elnuevodia.com/noticias/locales/notas/la-guardia-nacional-habilita-el-complejo-ferial-de-ponce-para-trasladar-refugiados/	2020-01-25	La Guardia Nacional habilita el Complejo Ferial de Ponce para trasladar refugiados
Mayita Meléndez alega que se malinterpretaron sus expresiones sobre los refugiados - El Nuevo Dia.com	https://www.elnuevodia.com/noticias/locales/notas/mayita-melendez-alega-que-se-malinterpretaron-sus-expresiones-sobre-los-refugiados/	2020-01-27	Mayita Meléndez alega que se malinterpretaron sus expresiones sobre los refugiados
Héctor Martínez busca abogados voluntarios para trabajar con refugiados - Primera Hora	https://www.primerahora.com/noticias/gobierno-politica/notas/hector-martinez-busca-abogados-voluntarios-para-trabajar-con-refugiados/	2020-01-30	Héctor Martínez busca abogados voluntarios para trabajar con refugiados
Emotivo quinceañero bajo carpa de joven refugiada en Ponce - Primera Hora	https://www.primerahora.com/noticias/puerto-rico/notas/emotivo-quinceanero-bajo-carpa-a-joven-refugiada-en-ponce/	2020-02-15	Emotivo quinceañero bajo carpa de joven refugiada en Ponce
Ponce informa que solo quedan 15 refugiados por ola de temblores - Primera Hora	https://www.primerahora.com/noticias/puerto-rico/notas/ponce-informa-que-solo-quedan-15-refugiados-por-ola-de-temblores/	2020-03-05	Ponce informa que solo quedan 15 refugiados por ola de temblores
En Ponce solo quedan 14 refugiados – NotiCel – La verdad como es – Noticias de Puerto Rico - NotiCel	https://www.noticel.com/ahora/la-calle/20200306/en-ponce-solo-quedan-14-refugiados/	2020-03-06	En Ponce solo quedan 14 refugiados –  – La verdad como es – Noticias de Puerto Rico
Grecia usa gas lacrimógeno contra migrantes en la frontera - Diario Metro de Puerto Rico	https://www.metro.pr/pr/noticias/2020/03/18/grecia-usa-gas-lacrimogeno-migrantes-la-frontera.html	2020-03-18	Grecia usa gas lacrimógeno contra migrantes en la frontera
"Van 40 años del ""éxodo del Mariel'', una de las grandes migraciones de cubanos a EE.UU. - NotiCel"	https://www.noticel.com/mundo/20200415/van-40-anos-del-exodo-del-mariel-una-de-las-grandes-migraciones-de-cubanos-a-ee-uu/	2020-04-15	"Van 40 años del ""éxodo del Mariel'', una de las grandes migraciones de cubanos a EE.UU."
Guatemala: 44 migrantes deportados dan positivo a Covid-19 | El Mundo | elvocero.com - El Vocero de Puerto Rico	https://www.elvocero.com/el-mundo/guatemala-44-migrantes-deportados-dan-positivo-a-covid-19/article_03bff88e-8058-11ea-9623-c788fcf97f36.html	2020-04-16	Guatemala: 44 migrantes deportados dan positivo a Covid-19El Mundoelvocero.com
Solo una escuela podría recibir refugiados hoy en Ponce - Diario Metro de Puerto Rico	https://www.metro.pr/pr/noticias/2020/05/02/solo-una-escuela-podria-recibir-refugiados-hoy-ponce.html	2020-05-02	Solo una escuela podría recibir refugiados hoy en Ponce
Municipio de Ponce realiza las pruebas a refugiados por el terremoto - El Vocero de Puerto Rico	https://www.elvocero.com/regionales/municipio-de-ponce-realiza-las-pruebas-a-refugiados-por-el-terremoto/article_68f8871e-8d93-11ea-a59a-f329229592a2.html	2020-05-03	Municipio de Ponce realiza las pruebas a refugiados por el terremoto
Cientos de niños y adolescentes migrantes han sido deportados rápidamente por las autoridades estadounidenses - El Nuevo Dia.com	https://www.elnuevodia.com/noticias/estados-unidos/notas/cientos-de-ninos-y-adolescentes-migrantes-han-sido-deportados-rapidamente-por-las-autoridades-estadounidenses/	2020-05-21	Cientos de niños y adolescentes migrantes han sido deportados rápidamente por las autoridades estadounidenses
Coronavirus disparará migración en la Isla - El Vocero de Puerto Rico	https://www.elvocero.com/economia/coronavirus-disparar-migraci-n-en-la-isla/article_4e8296d2-9ecc-11ea-b68f-13c7b245a477.html	2020-05-25	Coronavirus disparará migración en la Isla
Todavía quedan refugiados en Guánica - Primera Hora	https://www.primerahora.com/noticias/puerto-rico/notas/todavia-quedan-refugiados-en-guanica/	2020-06-02	Todavía quedan refugiados en Guánica
Malta recibe a cerca de 400 inmigrantes varados en el mar - El Vocero de Puerto Rico	https://www.elvocero.com/el-mundo/malta-recibe-a-cerca-de-400-inmigrantes-varados-en-el-mar/article_f99796bc-a854-11ea-804d-6ffcc0bb602d.html	2020-06-06	Malta recibe a cerca de 400 inmigrantes varados en el mar
La migración climática: el otro huracán que azotó a Puerto Rico - Diario Metro de Puerto Rico	https://www.metro.pr/pr/noticias/2020/07/02/la-migracion-climatica-huracan-azoto-puerto-rico.html	2020-07-02	La migración climática: el otro huracán que azotó a Puerto Rico
Devuelven a 37 de 38 inmigrantes que pretendieron entrar ilegalmente en 3 viajes distintos a Puerto Rico - La Perla del Sur	https://www.periodicolaperla.com/devuelven-a-37-de-38-inmigrantes-que-pretendieron-entrar-ilegalmente-en-3-viajes-distintos-a-puerto-rico/	2020-07-10	Devuelven a 37 de 38 inmigrantes que pretendieron entrar ilegalmente en 3 viajes distintos a Puerto Rico
Coronavirus afecta a centro de detención de migrantes en EEUU - El Vocero de Puerto Rico	https://www.elvocero.com/el-mundo/coronavirus-afecta-a-centro-de-detenci-n-de-migrantes-en-eeuu/article_e7929a9a-c9e5-11ea-a783-5ba9111689a6.html	2020-07-19	Coronavirus afecta a centro de detención de migrantes en EEUU
Alcaldesa de Ponce ofrece detalles sobre alojamiento de refugiados tras terremotos - Diario Metro de Puerto Rico	https://www.metro.pr/pr/noticias/2020/07/24/alcaldesa-ponce-ofrece-detalles-alojamiento-refugiados-tras-terremotos.html	2020-07-24	Alcaldesa de Ponce ofrece detalles sobre alojamiento de refugiados tras terremotos
Demandan al gobierno de EE.UU. para impedir expulsión de niños migrantes - Primera Hora	https://www.primerahora.com/noticias/estados-unidos/notas/demandan-al-gobierno-de-eeuu-para-impedir-expulsion-de-ninos-migrantes/	2020-07-25	Demandan al gobierno de EE.UU. para impedir expulsión de niños migrantes
Georgia: Investigarán reporte de histerectomías a migrantes - elvocero.com	https://www.elvocero.com/el-mundo/georgia-investigar-n-reporte-de-histerectom-as-a-migrantes/article_af40f628-f7ad-11ea-8c23-bbd57a44a681.html	2020-09-15	Georgia: Investigarán reporte de histerectomías a migrantes
ICE deporta a mujer migrante que acusó a guardias de un centro de detención en Texas de abuso sexual - El Nuevo Dia.com	https://www.elnuevodia.com/noticias/estados-unidos/notas/ice-deporta-a-mujer-migrante-que-acuso-a-guardias-de-un-centro-de-detencion-en-texas-de-abuso-sexual/	2020-09-15	ICE deporta a mujer migrante que acusó a guardias de un centro de detención en Texas de abuso sexual
Repatrían a 20 inmigrantes interceptados en la costa oeste de Puerto Rico - Primera Hora	https://www.primerahora.com/noticias/puerto-rico/notas/repatrian-a-20-inmigrantes-interceptados-en-la-costa-oeste-de-puerto-rico/	2020-09-29	Repatrían a 20 inmigrantes interceptados en la costa oeste de Puerto Rico
El hambre y cansancio disuelven caravana migrante en Guatemala - El Nuevo Dia.com	https://www.elnuevodia.com/noticias/mundo/notas/el-hambre-y-cansancio-disuelven-caravana-migrante-en-guatemala/	2020-10-03	El hambre y cansancio disuelven caravana migrante en Guatemala
Guardia Costera repatria a 45 migrantes a República Dominicana - La Perla del Sur	http://www.periodicolaperla.com/guardia-costera-repatria-a-45-migrantes-a-republica-dominicana/	2020-10-13	Guardia Costera repatria a 45 migrantes a República Dominicana
Campaña de Trump dice que los padres de niños migrantes no los quieren recuperar - Primera Hora	https://www.primerahora.com/noticias/estados-unidos/notas/campana-de-trump-dice-que-los-padres-de-ninos-migrantes-no-los-quieren-recuperar/	2020-10-23	Campaña de Trump dice que los padres de niños migrantes no los quieren recuperar
Covid en el campo de refugiados de la isla de Samos, una conjunción atroz - elexpresso.com	http://www.elexpresso.com/167_ultima-hora/7118572_covid-en-el-campo-de-refugiados-de-la-isla-de-samos-una-conjuncion-atroz.html	2020-10-26	Covid en el campo de refugiados de la isla de Samos, una conjunción atroz
Se prevén cambios con Biden en temas de inmigración - El Vocero de Puerto Rico	https://www.elvocero.com/el-mundo/se-prev-n-cambios-con-biden-en-temas-de-inmigraci-n/article_0b30d9d2-23bc-11eb-ad44-abf565931e14.html	2020-11-10	Se prevén cambios con Biden en temas de inmigración
EE.UU. deporta a migrantes que denunciaron abusos por parte de ginecólogo - Primera Hora	https://www.primerahora.com/noticias/estados-unidos/notas/eeuu-deporta-a-migrantes-que-denunciaron-abusos-por-parte-de-ginecologo/	2020-11-11	EE.UU. deporta a migrantes que denunciaron abusos por parte de ginecólogo
Guardia Costera finaliza búsqueda de seis personas desaparecidas tras zozobrar embarcación de inmigrantes en el Canal de la Mona - La Perla del Sur	http://www.periodicolaperla.com/guardia-costera-finaliza-busqueda-de-seis-personas-desaparecidas-tras-zozobrar-embarcacion-de-inmigrantes-en-el-canal-de-la-mona/	2020-12-03	Guardia Costera finaliza búsqueda de seis personas desaparecidas tras zozobrar embarcación de inmigrantes en el Canal de la Mona
Familias migrantes luchan para reparar los lazos que los unían tras ser separados por autoridades federales - El Nuevo Dia.com	https://www.elnuevodia.com/noticias/noticias/notas/familias-migrantes-luchan-para-reparar-los-lazos-que-los-unian-tras-ser-separados-por-autoridades-federales/	2020-12-08	Familias migrantes luchan para reparar los lazos que los unían tras ser separados por autoridades federales
Frontera registra aumento de migrantes reincidentes que buscan entrar al país - Primera Hora	https://www.primerahora.com/noticias/estados-unidos/notas/frontera-registra-aumento-de-migrantes-reincidentes-que-buscan-entrar-al-pais/	2020-12-14	Frontera registra aumento de migrantes reincidentes que buscan entrar al país
Incorporan cooperativa de servicios a migrantes - Diario Metro de Puerto Rico	https://www.metro.pr/pr/noticias/2020/12/23/incorporan-cooperativa-de-servicios-a-migrantes.html	2020-12-23	Incorporan cooperativa de servicios a migrantes
Trump deja una huella perdurable en política migratoria - Primera Hora	https://www.primerahora.com/noticias/estados-unidos/notas/trump-deja-una-huella-perdurable-en-politica-migratoria/	2020-12-30	Trump deja una huella perdurable en política migratoria
Buque humanitario rescata a 265 migrantes en Mediterráneo - Diario Metro de Puerto Rico	https://www.metro.pr/pr/noticias/2021/01/03/buque-humanitario-rescata-265-migrantes-mediterraneo.html	2021-01-03	Buque humanitario rescata a 265 migrantes en Mediterráneo
Trump urge a Biden a mantener sus medidas migratorias y la construcción del muro con México - Primera Hora	https://www.primerahora.com/noticias/estados-unidos/notas/trump-urge-a-biden-a-mantener-sus-medidas-migratorias-y-la-construccion-del-muro-con-mexico/	2021-01-12	Trump urge a Biden a mantener sus medidas migratorias y la construcción del muro con México
Pandemia de COVID-19 redujo número de migrantes según la ONU - Diario Metro de Puerto Rico	https://www.metro.pr/pr/noticias/2021/01/16/pandemia-covid-19-redujo-numero-migrantes-segun-la-onu.html	2021-01-16	Pandemia de COVID-19 redujo número de migrantes según la ONU
Inmigrantes aplauden plan migratorio de Biden - Diario Metro de Puerto Rico	https://www.metro.pr/pr/noticias/2021/01/20/inmigrantes-aplauden-plan-migratorio-biden.html	2021-01-20	Inmigrantes aplauden plan migratorio de Biden
Alejandro Fernández y Fher se unen a un pedido de justicia para los migrantes - El Nuevo Dia.com	https://www.elnuevodia.com/entretenimiento/musica/notas/alejandro-fernandez-y-fher-se-unen-a-un-pedido-de-justicia-para-los-migrantes/	2021-01-25	Alejandro Fernández y Fher se unen a un pedido de justicia para los migrantes
EEUU no arrestará a inmigrantes en centros de vacunación - El Vocero de Puerto Rico	https://www.elvocero.com/el-mundo/eeuu-no-arrestar-a-inmigrantes-en-centros-de-vacunaci-n/article_ee0b62de-64eb-11eb-8e84-df9f0751ca19.html	2021-02-01	EEUU no arrestará a inmigrantes en centros de vacunación
Biden firma nuevas órdenes ejecutivas en materia migratoria - Diario Metro de Puerto Rico	https://www.metro.pr/pr/noticias/2021/02/02/biden-firma-nuevas-ordenes-ejecutivas-materia-migratoria.html	2021-02-02	Biden firma nuevas órdenes ejecutivas en materia migratoria
Urgen a acelerar la reunificación de familias migrantes en EE.UU. - elexpresso.com	http://www.elexpresso.com/6467_usa-hispanos/7333413_urgen-a-acelerar-la-reunificacion-de-familias-migrantes-en-ee-uu.html	2021-02-03	Urgen a acelerar la reunificación de familias migrantes en EE.UU.
Arrestan 12 policías en México acusados de matar a migrantes - Diario Metro de Puerto Rico	https://www.metro.pr/pr/noticias/2021/02/03/arrestan-12-policias-mexico-acusados-matar-migrantes.html	2021-02-03	Arrestan 12 policías en México acusados de matar a migrantes
Inmigrantes refugiados en iglesias esperan ayuda de Biden - Diario Metro de Puerto Rico	https://www.metro.pr/pr/noticias/2021/02/04/inmigrantes-refugiados-iglesias-esperan-ayuda-biden.html	2021-02-04	Inmigrantes refugiados en iglesias esperan ayuda de Biden
Inmigrantes y activistas temen que Biden mantenga barreras - El Vocero de Puerto Rico	https://www.elvocero.com/el-mundo/inmigrantes-y-activistas-temen-que-biden-mantenga-barreras/article_4584bec2-6a0d-11eb-8d22-b35de90cb163.html	2021-02-08	Inmigrantes y activistas temen que Biden mantenga barreras
Biden quiere cuadruplicar admisión de refugiados en Estados Unidos - Diario Metro de Puerto Rico	https://www.metro.pr/pr/noticias/2021/02/11/biden-quiere-cuadruplicar-admision-refugiados.html	2021-02-11	Biden quiere cuadruplicar admisión de refugiados en Estados Unidos
Clima retrasó migración de algunos dinosaurios | Actualidad | elvocero.com - El Vocero de Puerto Rico	https://www.elvocero.com/actualidad/clima-retras-migraci-n-de-algunos-dinosaurios/article_1234a86a-70bc-11eb-a247-cb29cd3eecd3.html	2021-02-16	Clima retrasó migración de algunos dinosauriosActualidadelvocero.com
Fallo del Supremo federal facilita deportación de migrantes - El Vocero de Puerto Rico	https://www.elvocero.com/el-mundo/eeuu-fallo-de-corte-suprema-facilitar-deportaci-n-de-migrantes/article_d6bcdf66-7d16-11eb-b9ae-8373788e6db0.html	2021-03-04	Fallo del Supremo federal facilita deportación de migrantes
Guardia Costera repatría a 58 migrantes a la República Dominicana tras interceptar dos viajes ilegales en el Canal de la Mona - La Perla del Sur	https://www.periodicolaperla.com/guardia-costera-repatria-a-58-migrantes-a-la-republica-dominicana-tras-interceptar-dos-viajes-ilegales-en-el-canal-de-la-mona/	2021-03-08	Guardia Costera repatría a 58 migrantes a la República Dominicana tras interceptar dos viajes ilegales en el Canal de la Mona
Guatemala inicia funerales de migrantes asesinados en México - Diario Metro de Puerto Rico	https://www.metro.pr/pr/noticias/2021/03/13/guatemala-inicia-funerales-migrantes-asesinados-mexico.html	2021-03-13	Guatemala inicia funerales de migrantes asesinados en México
Estados Unidos alojará a niños inmigrantes en centro de convenciones - Diario Metro de Puerto Rico	https://www.metro.pr/pr/noticias/2021/03/15/estados-unidos-alojara-ninos-inmigrantes-centro-convenciones.html	2021-03-15	Estados Unidos alojará a niños inmigrantes en centro de convenciones
Senado busca garantizar derechos de migrantes víctimas de delito - Diario Metro de Puerto Rico	https://www.metro.pr/pr/noticias/2021/03/19/senado-busca-garantizar-derechos-migrantes-victimas-delito.html	2021-03-19	Senado busca garantizar derechos de migrantes víctimas de delito
Biden permite a la prensa entrar por primera vez a centro de niños migrantes - Primera Hora	https://www.primerahora.com/noticias/estados-unidos/notas/biden-permite-a-la-prensa-entrar-por-primera-vez-a-centro-de-ninos-migrantes/	2021-03-24	Biden permite a la prensa entrar por primera vez a centro de niños migrantes
Estados Unidos pronto daría acceso a centros de detención de migrantes - El Vocero de Puerto Rico	https://www.elvocero.com/el-mundo/estados-unidos-pronto-dar-a-acceso-a-centros-de-detenci-n-de-migrantes/article_817b9ec4-8fff-11eb-b5c8-1f99d92cf246.html	2021-03-28	Estados Unidos pronto daría acceso a centros de detención de migrantes
Opinión de Alejandro Figueroa: Biden, Harris y la crisis de inmigración - Diario Metro de Puerto Rico	https://www.metro.pr/pr/blogs/2021/03/30/opinion-alejandro-figueroa-biden-harris-la-crisis-inmigracion.html	2021-03-30	Opinión de Alejandro Figueroa: Biden, Harris y la crisis de inmigración
Estados Unidos capta en video a traficantes cruzando a niñas migrantes - El Nuevo Dia.com	https://www.elnuevodia.com/noticias/estados-unidos/notas/estados-unidos-capta-en-video-a-traficantes-cruzando-a-ninas-migrantes/	2021-03-31	Estados Unidos capta en video a traficantes cruzando a niñas migrantes
Estados Unidos capta en video a traficantes cruzando a niñas migrantes - Diario Metro de Puerto Rico	https://www.metro.pr/pr/noticias/2021/03/31/estados-unidos-capta-video-traficantes-cruzando-ninas-migrantes.html	2021-03-31	Estados Unidos capta en video a traficantes cruzando a niñas migrantes
Captan en video a traficantes cruzando a dos niñas migrantes en la frontera de Estados Unidos - Primera Hora	https://www.primerahora.com/noticias/estados-unidos/notas/captan-en-video-a-traficantes-cruzando-a-dos-ninas-migrantes-en-la-frontera-de-estados-unidos/	2021-03-31	Captan en video a traficantes cruzando a dos niñas migrantes en la frontera de Estados Unidos
California: Podrían llevar niños migrantes a base de Guardia - El Vocero de Puerto Rico	https://www.elvocero.com/el-mundo/california-podr-an-llevar-ni-os-migrantes-a-base-de-guardia/article_1eea73b6-94aa-11eb-8e6b-a7c3f19bc35d.html	2021-04-03	California: Podrían llevar niños migrantes a base de Guardia
Hallan a 61 migrantes centroamericanos en camión en México - Primera Hora	https://www.primerahora.com/noticias/mundo/notas/hallan-a-61-migrantes-centroamericanos-en-camion-en-mexico/	2021-04-04	Hallan a 61 migrantes centroamericanos en camión en México
Sondeo: Disminuye apoyo a Biden por tema de niños migrantes - El Vocero de Puerto Rico	https://www.elvocero.com/el-mundo/sondeo-disminuye-apoyo-a-biden-por-tema-de-ni-os-migrantes/article_f553bb3a-964c-11eb-80e8-8ba391134267.html	2021-04-05	Sondeo: Disminuye apoyo a Biden por tema de niños migrantes
López Obrador y Kamala Harris hablan sobre migración y tráfico de personas - elexpresso.com	http://www.elexpresso.com/6467_usa-hispanos/7472090_lopez-obrador-y-kamala-harris-hablan-sobre-migracion-y-trafico-de-personas.html	2021-04-07	López Obrador y Kamala Harris hablan sobre migración y tráfico de personas
Chile promulga ley de migraciones que facilitará expulsiones - El Vocero de Puerto Rico	https://www.elvocero.com/el-mundo/chile-promulga-ley-de-migraciones-que-facilitar-expulsiones/article_81a6e90e-9b25-11eb-96d2-7be39e82227f.html	2021-04-11	Chile promulga ley de migraciones que facilitará expulsiones
La cifra de niños inmigrantes en tutela de EE.UU. cae un 45% en menos de un mes - elexpresso.com	http://www.elexpresso.com/287_eeuu/7483858_la-cifra-de-ninos-inmigrantes-en-tutela-de-ee-uu-cae-un-45-en-menos-de-un-mes.html	2021-04-12	La cifra de niños inmigrantes en tutela de EE.UU. cae un 45% en menos de un mes
Cae un 45 % la cifra de niños inmigrantes bajo la custodia fronteriza - elexpresso.com	http://www.elexpresso.com/6467_usa-hispanos/7483863_cae-un-45-la-cifra-de-ninos-inmigrantes-bajo-la-custodia-fronteriza.html	2021-04-13	Cae un 45 % la cifra de niños inmigrantes bajo la custodia fronteriza
Biden elevará el tope de refugiados en mayo - El Vocero de Puerto Rico	https://www.elvocero.com/el-mundo/biden-elevar-el-tope-de-refugiados-en-mayo/article_62818f48-9f03-11eb-88d1-4b7c4e0a419f.html	2021-04-16	Biden elevará el tope de refugiados en mayo
Cierran centro de atención para niñas inmigrantes en Houston - Diario Metro de Puerto Rico	https://www.metro.pr/pr/noticias/2021/04/17/cierran-centro-atencion-ninas-inmigrantes-houston.html	2021-04-17	Cierran centro de atención para niñas inmigrantes en Houston
"Estados Unidos no se referirá a migrantes como ""extranjeros ilegales"" - Diario Metro de Puerto Rico"	https://www.metro.pr/pr/noticias/2021/04/19/estados-unidos-no-se-referira-migrantes-extranjeros-ilegales.html	2021-04-19	"Estados Unidos no se referirá a migrantes como ""extranjeros ilegales"""
Guardia costera intercepta yola con 18 inmigrantes en el Canal de la Mona - NotiCel	https://www.noticel.com/ahora/20210422/guardia-costera-intercepta-yola-con-18-inmigrantes-en-el-canal-de-la-mona/	2021-04-22	Guardia costera intercepta yola con 18 inmigrantes en el Canal de la Mona
Guardia Costera intercepta yola con 18 inmigrantes en el Canal de la Mona - Diario Metro de Puerto Rico	https://www.metro.pr/pr/noticias/2021/04/22/guardia-costera-intercepta-yola-18-inmigrantes-canal-la-mona.html	2021-04-22	Guardia Costera intercepta yola con 18 inmigrantes en el Canal de la Mona
El papa considera una vergüenza la muerte de 130 migrantes - El Vocero de Puerto Rico	https://www.elvocero.com/el-mundo/el-papa-considera-una-verg-enza-la-muerte-de-130-migrantes/article_0e4104b0-a5d7-11eb-a9bb-8fa08fcd3fe0.html	2021-04-25	El papa considera una vergüenza la muerte de 130 migrantes
Condenan muertes de migrantes en el Mediterráneo - El Vocero de Puerto Rico	https://www.elvocero.com/el-mundo/condenan-muertes-de-migrantes-en-el-mediterr-neo/article_dd3d3d3e-a62b-11eb-b0ac-7f1ffb1e6f72.html	2021-04-25	Condenan muertes de migrantes en el Mediterráneo
Inmigrantes se apropian del Primero de Mayo para pedir la ciudadanía - elexpresso.com	http://www.elexpresso.com/287_eeuu/7530788_inmigrantes-se-apropian-del-primero-de-mayo-para-pedir-la-ciudadania.html	2021-05-01	Inmigrantes se apropian del Primero de Mayo para pedir la ciudadanía
Biden comenzará a reunificar a familias de inmigrantes separadas por Trump - elexpresso.com	http://www.elexpresso.com/6467_usa-hispanos/7533547_el-gobierno-de-biden-comienza-a-reunir-a-las-familias-migrantes-separadas.html	2021-05-03	Biden comenzará a reunificar a familias de inmigrantes separadas por Trump
Biden aumenta la cantidad de refugiados que Estados Unidos admitirá este año - Diario Metro de Puerto Rico	https://www.metro.pr/pr/noticias/2021/05/03/biden-aumenta-la-cantidad-refugiados-estados-unidos-admitira-este-ano.html	2021-05-03	Biden aumenta la cantidad de refugiados que Estados Unidos admitirá este año
Rescatan a 5 niñas migrantes, entre ellas una bebé, abandonadas en Texas - Primera Hora	https://www.primerahora.com/noticias/estados-unidos/notas/rescatan-a-5-ninas-migrantes-entre-ellas-una-bebe-abandonadas-en-texas/	2021-05-11	Rescatan a 5 niñas migrantes, entre ellas una bebé, abandonadas en Texas
Guardia Costera repatria inmigrantes a la República Dominicana - La Perla del Sur	https://www.periodicolaperla.com/guardia-costera-repatria-inmigrantes-a-la-republica-dominicana/	2021-05-12	Guardia Costera repatria inmigrantes a la República Dominicana
Se reactivan travesías de inmigrantes en yola desde República Dominicana - Primera Hora	https://www.primerahora.com/noticias/puerto-rico/notas/se-reactivan-travesias-de-inmigrantes-en-yola-desde-republica-dominicana/	2021-05-17	Se reactivan travesías de inmigrantes en yola desde República Dominicana
Estados Unidos intercepta a 29 inmigrantes cubanos en los Cayos de Florida - NotiCel	https://www.noticel.com/mundo/20210518/estados-unidos-intercepta-a-29-inmigrantes-cubanos-en-los-cayos-de-florida/	2021-05-18	Estados Unidos intercepta a 29 inmigrantes cubanos en los Cayos de Florida
Fotos: Crisis humanitaria en ciudad española en África ante llegada de miles de migrantes - Diario Metro de Puerto Rico	https://www.metro.pr/pr/noticias/2021/05/18/movilizan-tropas-ante-llegada-miles-migrantes-ciudad-espanola-africa.html	2021-05-18	Fotos: Crisis humanitaria en ciudad española en África ante llegada de miles de migrantes
Trágico fin para 50 migrantes: Se ahogan frente a las costas de Túnez - Diario Metro de Puerto Rico	https://www.metro.pr/pr/noticias/2021/05/18/tragico-fin-50-migrantes-se-ahogan-frente-las-costas-tunez.html	2021-05-18	Trágico fin para 50 migrantes: Se ahogan frente a las costas de Túnez
España devuelve 6600 migrantes a Marruecos tras disputa - Primera Hora	https://www.primerahora.com/noticias/mundo/notas/espana-devuelve-6600-migrantes-a-marruecos-tras-disputa/	2021-05-21	España devuelve 6600 migrantes a Marruecos tras disputa
Dos muertos y 10 desaparecidos tras naufragio de bote de migrantes cubanos ante Florida - Primera Hora	https://www.primerahora.com/noticias/estados-unidos/notas/dos-muertos-y-10-desaparecidos-tras-naufragio-de-bote-de-migrantes-cubanos-ante-florida/	2021-05-28	Dos muertos y 10 desaparecidos tras naufragio de bote de migrantes cubanos ante Florida
Preocupa a la Unión Europea uso en Grecia de cañón acústico contra impedir llegada de migrantes - Diario Metro de Puerto Rico	https://www.metro.pr/pr/noticias/2021/06/03/preocupa-la-union-europea-uso-grecia-canon-acustico-impedir-llegada-migrantes.html	2021-06-03	Preocupa a la Unión Europea uso en Grecia de cañón acústico contra impedir llegada de migrantes
Italia detiene a un buque alemán que se dedicaba a rescatar a migrantes - El Vocero de Puerto Rico	https://www.elvocero.com/el-mundo/italia-detiene-a-un-buque-alem-n-que-se-dedicaba-a-rescatar-a-migrantes/article_d5bb6da2-c650-11eb-a2fe-5b76103cee83.html	2021-06-05	Italia detiene a un buque alemán que se dedicaba a rescatar a migrantes
Corte de Estados Unidos falla contra inmigrantes con protección temporal - El Vocero de Puerto Rico	https://www.elvocero.com/el-mundo/corte-de-estados-unidos-falla-contra-inmigrantes-con-protecci-n-temporal/article_04fce794-c7aa-11eb-8af6-bf1aa30d445b.html	2021-06-07	Corte de Estados Unidos falla contra inmigrantes con protección temporal
México y Estados Unidos sellan un memorándum de cooperación migratoria - NotiCel	https://www.noticel.com/mundo/20210608/mexico-y-estados-unidos-sellan-un-memorandum-de-cooperacion-migratoria/	2021-06-08	México y Estados Unidos sellan un memorándum de cooperación migratoria
El COI presenta al equipo de 29 atletas refugiados que competirá en Tokio - El Nuevo Día	https://www.elnuevodia.com/deportes/otros-deportes/notas/el-coi-presenta-al-equipo-de-29-atletas-refugiados-que-competira-en-tokio/	2021-06-08	El COI presenta al equipo de 29 atletas refugiados que competirá en Tokio
"""¡Esa es mi hija!"", dice mujer al ver niña migrante en la TV - El Vocero de Puerto Rico"	https://www.elvocero.com/el-mundo/esa-es-mi-hija-dice-mujer-al-ver-ni-a-migrante-en-la-tv/article_418366a6-c89b-11eb-89ba-93a4533a5345.html	2021-06-08	"""¡Esa es mi hija!"", dice mujer al ver niña migrante en la TV"
"""¡Esa es mi hija!"": Mujer se reencuentra con su hija migrante tras verla en la televisión - Diario Metro de Puerto Rico"	https://www.metro.pr/pr/noticias/2021/06/08/esa-hija-dice-mujer-al-ver-nina-migrante-la-tv.html	2021-06-08	"""¡Esa es mi hija!"": Mujer se reencuentra con su hija migrante tras verla en la televisión"
Kamala Harris fomenta una mayor cooperación con México para atender el flujo de migrantes hacia Estados Unidos - El Nuevo Día	https://www.elnuevodia.com/noticias/estados-unidos/notas/kamala-harris-fomenta-una-mayor-cooperacion-con-mexico-para-atender-el-flujo-de-migrantes-hacia-estados-unidos/	2021-06-08	Kamala Harris fomenta una mayor cooperación con México para atender el flujo de migrantes hacia Estados Unidos
Estados Unidos cierra oficina de era Trump para víctimas de migrantes - El Vocero de Puerto Rico	https://www.elvocero.com/el-mundo/estados-unidos/estados-unidos-cierra-oficina-de-era-trump-para-v-ctimas-de-migrantes/article_4ade29f8-caed-11eb-8042-4b2256f67588.html	2021-06-11	Estados Unidos cierra oficina de era Trump para víctimas de migrantes
Ataques de pánico en albergues para niños migrantes - El Vocero de Puerto Rico	https://www.elvocero.com/ataques-de-p-nico-en-albergues-para-ni-os-migrantes/article_3c7c30c8-cd57-11eb-88ce-333d7fd60c03.html	2021-06-14	Ataques de pánico en albergues para niños migrantes
Tres familias migrantes separadas por Trump demandan por daños y perjuicios - Primera Hora	https://www.primerahora.com/noticias/estados-unidos/notas/tres-familias-migrantes-separadas-por-trump-demandan-por-danos-y-perjuicios/	2021-06-14	Tres familias migrantes separadas por Trump demandan por daños y perjuicios
“ANA”: el cómic que busca sensibilizar y dar esperanza sobre migración infantil en México - Primera Hora	https://www.primerahora.com/noticias/mundo/notas/ana-el-comic-que-busca-sensibilizar-y-dar-esperanza-sobre-migracion-infantil-en-mexico/	2021-06-15	“ANA”: el cómic que busca sensibilizar y dar esperanza sobre migración infantil en México
Victoria's Secret reemplaza a sus Ángeles por una refugiada, una reportera y una jugadora de fútbol entre otras mujeres “reales” - El Vocero de Puerto Rico	https://www.elvocero.com/escenario/moda-y-belleza/victorias-secret-reemplaza-a-sus-ngeles-por-una-refugiada-una-reportera-y-una-jugadora-de/article_081b1c40-cfb9-11eb-8fde-87a70e807cf6.html	2021-06-17	Victoria's Secret reemplaza a sus Ángeles por una refugiada, una reportera y una jugadora de fútbol entre otras mujeres “reales”
Barco rescata y devuelve a Libia a más de 270 migrantes - Primera Hora	https://www.primerahora.com/noticias/mundo/notas/barco-rescata-y-devuelve-a-libia-a-mas-de-270-migrantes/	2021-06-17	Barco rescata y devuelve a Libia a más de 270 migrantes
Se hunde barco con migrantes frente a las Canarias - Primera Hora	https://www.primerahora.com/noticias/mundo/notas/se-hunde-barco-con-migrantes-frente-a-las-canarias/	2021-06-18	Se hunde barco con migrantes frente a las Canarias
Angelina Jolie visita a los refugiados y desplazados internos en Burkina Faso - El Nuevo Día	https://www.elnuevodia.com/entretenimiento/farandula/notas/angelina-jolie-visita-a-los-refugiados-y-desplazados-internos-en-burkina-faso/	2021-06-21	Angelina Jolie visita a los refugiados y desplazados internos en Burkina Faso
Niños migrantes están desesperados por salir de albergues en Estados Unidos - El Vocero de Puerto Rico	https://www.elvocero.com/el-mundo/ni-os-migrantes-est-n-desesperados-por-salir-de-albergues-en-estados-unidos/article_608c8762-d3b3-11eb-9ae2-cfda7a6e86f3.html	2021-06-22	Niños migrantes están desesperados por salir de albergues en Estados Unidos
Kamala Harris asegura que la administración Biden ha logrado avances para enfrentar la inmigración - El Vocero de Puerto Rico	https://www.elvocero.com/el-mundo/estados-unidos/kamala-harris-asegura-que-la-administraci-n-biden-ha-logrado-avances-para-enfrentar-la-inmigraci/article_153d27d8-d603-11eb-ba5f-ab764ad9d7d0.html	2021-06-25	Kamala Harris asegura que la administración Biden ha logrado avances para enfrentar la inmigración
Kamala Harris lamenta “lucha interna” por la migración - Primera Hora	https://www.primerahora.com/noticias/estados-unidos/notas/kamala-harris-lamenta-lucha-interna-por-la-migracion/	2021-06-26	Kamala Harris lamenta “lucha interna” por la migración
Leyes antiaborto en Centroamérica hacen más vulnerables a mujeres migrantes - Primera Hora	https://www.primerahora.com/noticias/mundo/notas/leyes-antiaborto-en-centroamerica-hacen-mas-vulnerables-a-mujeres-migrantes/	2021-06-28	Leyes antiaborto en Centroamérica hacen más vulnerables a mujeres migrantes
Biden presidirá ceremonia de naturalización de inmigrantes - Diario Metro de Puerto Rico	https://www.metro.pr/pr/noticias/2021/07/01/biden-presidira-ceremonia-naturalizacion-inmigrantes.html	2021-07-01	Biden presidirá ceremonia de naturalización de inmigrantes
Estados Unidos ya no detendrá a migrantes embarazadas - Diario Metro de Puerto Rico	https://www.metro.pr/pr/noticias/2021/07/09/estados-unidos-ya-no-detendra-migrantes-embarazadas.html	2021-07-09	Estados Unidos ya no detendrá a migrantes embarazadas
Turquía: 12 muertos en accidente de bus de migrantes - Primera Hora	https://www.primerahora.com/noticias/mundo/notas/turquia-12-muertos-en-accidente-de-bus-de-migrantes/	2021-07-11	Turquía: 12 muertos en accidente de bus de migrantes
Registran más muertes de inmigrantes en frontera de Arizona - El Vocero de Puerto Rico	https://www.elvocero.com/el-mundo/estados-unidos/registran-m-s-muertes-de-inmigrantes-en-frontera-de-arizona/article_a85191e2-e36b-11eb-b3e6-d3041f3dee36.html	2021-07-12	Registran más muertes de inmigrantes en frontera de Arizona
Se duplica cifra de migrantes muertos en mar rumbo a Europa - Diario Metro de Puerto Rico	https://www.metro.pr/pr/noticias/2021/07/13/se-duplica-cifra-migrantes-muertos-mar-rumbo-europa.html	2021-07-13	Se duplica cifra de migrantes muertos en mar rumbo a Europa
Récord de migrantes llegados por mar a Gran Bretaña - Primera Hora	https://www.primerahora.com/noticias/mundo/notas/record-de-migrantes-llegados-por-mar-a-gran-bretana/	2021-07-20	Récord de migrantes llegados por mar a Gran Bretaña
EEUU: Seguro de salud para inmigrantes cobra fuerza - Diario Metro de Puerto Rico	https://www.metro.pr/pr/noticias/2021/07/24/eeuu-seguro-salud-inmigrantes-cobra-fuerza.html	2021-07-24	EEUU: Seguro de salud para inmigrantes cobra fuerza
Taekwondista iraní roza 1ra medalla para equipo refugiados - Primera Hora	https://www.primerahora.com/deportes/otros/notas/taekwondista-irani-roza-1ra-medalla-para-equipo-refugiados/	2021-07-25	Taekwondista iraní roza 1ra medalla para equipo refugiados
Dramático aumento de muertes de inmigrantes en la frontera de Estados Unidos con México - Primera Hora	https://www.primerahora.com/noticias/mundo/notas/dramatico-aumento-de-muertes-de-inmigrantes-en-la-frontera-de-estados-unidos-con-mexico/	2021-07-26	Dramático aumento de muertes de inmigrantes en la frontera de Estados Unidos con México
Una región en Pensilvania crece por primera vez en décadas por la migración de boricuas - El Vocero de Puerto Rico	https://www.elvocero.com/el-mundo/estados-unidos/una-regi-n-en-pensilvania-crece-por-primera-vez-en-d-cadas-por-la-migraci/article_7242d92e-f0b5-11eb-9de6-0797811195f2.html	2021-07-30	Una región en Pensilvania crece por primera vez en décadas por la migración de boricuas
Gobierno de Estados Unidos demanda a Texas por detención de migrantes - Diario Metro de Puerto Rico	https://www.metro.pr/pr/noticias/2021/07/30/gobierno-estados-unidos-demanda-texas-detencion-migrantes.html	2021-07-31	Gobierno de Estados Unidos demanda a Texas por detención de migrantes
Estados Unidos amplía su programa de refugiados de Afganistán ante el avance talibán - Primera Hora	https://www.primerahora.com/noticias/estados-unidos/notas/estados-unidos-amplia-su-programa-de-refugiados-de-afganistan-ante-el-avance-taliban/	2021-08-02	Estados Unidos amplía su programa de refugiados de Afganistán ante el avance talibán
Estados Unidos expande su programa de refugiados afganos - Diario Metro de Puerto Rico	https://www.metro.pr/pr/noticias/2021/08/02/estados-unidos-expande-programa-refugiados-afganos.html	2021-08-02	Estados Unidos expande su programa de refugiados afganos
Estados Unidos amplía programa de refugiados de Afganistán ante avance talibán - NotiCel	https://www.noticel.com/estados-unidos/mundo/20210802/estados-unidos-amplia-programa-de-refugiados-de-afganistan-ante-avance-taliban/	2021-08-02	Estados Unidos amplía programa de refugiados de Afganistán ante avance talibán
Intervienen con embarcación de migrantes en Aguadilla – NotiCel – La verdad como es – Noticias de Puerto Rico - NotiCel	https://www.noticel.com/la-calle/20210802/intervienen-con-embarcacion-de-migrantes-en-aguadilla/	2021-08-02	Intervienen con embarcación de migrantes en Aguadilla –  – La verdad como es – Noticias de Puerto Rico
EE.UU. suspende emisión de visas a no migrantes en Rusia - Diario Metro de Puerto Rico	https://www.metro.pr/pr/noticias/2017/08/21/ee-uu-suspende-emision-visas-no-migrantes-rusia.html	2017-08-21	EE.UU. suspende emisión de visas a no migrantes en Rusia
EE.UU. reúne a más de 300 niños migrantes con sus familias - metro.pr	https://www.metro.pr/pr/noticias/2018/07/19/ee-uu-reune-mas-300-ninos-migrantes-familias.html	2018-07-19	EE.UU. reúne a más de 300 niños migrantes con sus familias
Cierre de gobierno federal demoró audiencias de inmigración - Diario Metro de Puerto Rico	https://www.metro.pr/pr/noticias/2019/02/08/cierre-gobierno-federal-demoro-audiencias-inmigracion.html	2019-02-08	Cierre de gobierno federal demoró audiencias de inmigración
Georgia: Investigarán reporte de histerectomías a migrantes - El Vocero de Puerto Rico	https://www.elvocero.com/el-mundo/georgia-investigar-n-reporte-de-histerectom-as-a-migrantes/article_af40f628-f7ad-11ea-8c23-bbd57a44a681.html	2020-09-15	Georgia: Investigarán reporte de histerectomías a migrantes
Arrestan 12 policías en México acusados de matar a migrantes - metro.pr	https://www.metro.pr/pr/noticias/2021/02/03/arrestan-12-policias-mexico-acusados-matar-migrantes.html	2021-02-03	Arrestan 12 policías en México acusados de matar a migrantes
Biden quiere cuadruplicar admisión de refugiados en Estados Unidos - metro.pr	https://www.metro.pr/pr/noticias/2021/02/11/biden-quiere-cuadruplicar-admision-refugiados.html	2021-02-11	Biden quiere cuadruplicar admisión de refugiados en Estados Unidos
“No somos asesinos” aseguran los migrantes en caravana - Primera Hora	https://www.primerahora.com/noticias/mundo/nota/nosomosasesinosaseguranlosmigrantesencaravana-1310309/	2018-11-03	“No somos asesinos” aseguran los migrantes en caravana
Unos 13400 empleados de agencia de inmigración sufrirán licencia sin sueldo - Primera Hora	https://www.primerahora.com/noticias/estados-unidos/notas/unos-13400-empleados-de-agencia-de-inmigracion-sufriran-licencia-sin-sueldo/	2020-06-30	Unos 13400 empleados de agencia de inmigración sufrirán licencia sin sueldo
Presidente Biden retira prohibición que bloqueaba la inmigración legal - Diario Metro de Puerto Rico	https://www.metro.pr/pr/noticias/2021/02/25/presidente-biden-retira-prohibicion-que-bloqueaba-la-inmigracion-legal.html	2021-02-25	Presidente Biden retira prohibición que bloqueaba la inmigración legal
Ola de inmigración pone a Joe Biden contra las cuerdas - El Nuevo Dia.com	https://www.elnuevodia.com/noticias/estados-unidos/notas/ola-de-inmigracion-pone-a-joe-biden-contra-las-cuerdas/	2021-03-20	Ola de inmigración pone a Joe Biden contra las cuerdas
“I Carry You with Me”: Poderosa historia sobre el amor, el sacrificio, la memoria y la inmigración - Diario Metro de Puerto Rico	https://www.metro.pr/pr/entretenimiento/2021/06/24/i-carry-you-with-me-poderosa-historia.html	2021-06-24	“I Carry You with Me”: Poderosa historia sobre el amor, el sacrificio, la memoria y la inmigración
